time,queue_N,queue_S,queue_E,queue_W,queue_total,phase,phase_switches
1.0,0,1,0,0,1,0,0
2.0,0,0,0,0,0,0,0
3.0,0,0,0,0,0,0,0
4.0,1,0,0,0,1,0,0
5.0,0,0,0,0,0,0,0
6.0,0,0,0,0,0,1,0
7.0,0,0,0,0,0,1,0
8.0,0,0,0,0,0,1,0
9.0,0,0,0,1,1,2,1
10.0,0,0,0,0,0,2,1
11.0,0,0,0,0,0,2,1
12.0,0,0,0,0,0,2,1
13.0,0,0,0,0,0,2,1
14.0,0,0,0,0,0,3,1
15.0,0,0,0,0,0,3,1
16.0,0,0,0,0,0,3,1
17.0,0,0,0,0,0,4,2
18.0,0,0,0,0,0,4,2
19.0,0,0,1,0,1,4,2
20.0,0,0,0,0,0,4,2
21.0,0,1,0,0,1,4,2
22.0,0,0,0,0,0,5,2
23.0,0,0,0,0,0,5,2
24.0,0,0,0,0,0,5,2
25.0,1,0,0,0,1,6,3
26.0,1,0,0,1,2,6,3
27.0,1,0,0,0,1,6,3
28.0,1,0,0,0,1,6,3
29.0,1,0,0,0,1,6,3
30.0,1,0,0,0,1,7,3
31.0,1,1,0,1,3,7,3
32.0,1,2,0,0,3,7,3
33.0,0,1,0,0,1,0,4
34.0,0,0,0,0,0,0,4
35.0,0,0,0,0,0,0,4
36.0,0,1,0,0,1,0,4
37.0,0,0,0,0,0,0,4
38.0,0,0,0,1,1,1,4
39.0,0,1,0,1,2,1,4
40.0,0,0,0,1,1,1,4
41.0,0,1,0,1,2,2,5
42.0,0,0,0,2,2,2,5
43.0,0,0,0,2,2,2,5
44.0,0,0,1,2,3,2,5
45.0,0,1,0,2,3,2,5
46.0,0,1,0,2,3,2,5
47.0,0,1,0,3,4,2,5
48.0,0,1,0,3,4,2,5
49.0,0,2,0,3,5,2,5
50.0,0,1,0,4,5,2,5
51.0,0,1,0,4,5,2,5
52.0,0,1,0,4,5,3,5
53.0,0,1,0,4,5,3,5
54.0,1,1,0,4,6,3,5
55.0,0,1,0,1,2,4,6
56.0,0,1,0,0,1,4,6
57.0,0,2,0,0,2,4,6
58.0,0,2,0,0,2,4,6
59.0,0,2,0,0,2,4,6
60.0,0,3,0,0,3,4,6
61.0,0,3,0,0,3,4,6
62.0,0,3,0,0,3,4,6
63.0,0,3,0,0,3,4,6
64.0,1,3,0,0,4,5,6
65.0,0,3,0,0,3,5,6
66.0,0,3,0,0,3,5,6
67.0,0,3,0,0,3,6,7
68.0,0,3,0,0,3,6,7
69.0,0,3,0,0,3,6,7
70.0,0,3,0,0,3,6,7
71.0,0,4,0,0,4,6,7
72.0,0,3,0,0,3,7,7
73.0,0,4,0,0,4,7,7
74.0,0,4,0,0,4,7,7
75.0,0,2,0,0,2,0,8
76.0,0,0,0,0,0,0,8
77.0,0,0,0,0,0,0,8
78.0,0,0,1,0,1,0,8
79.0,0,0,2,0,2,0,8
80.0,0,0,1,0,1,0,8
81.0,0,0,1,1,2,0,8
82.0,0,0,1,0,1,0,8
83.0,0,0,2,0,2,0,8
84.0,0,0,2,1,3,0,8
85.0,0,0,2,0,2,1,8
86.0,0,0,3,0,3,1,8
87.0,0,0,2,0,2,1,8
88.0,0,0,2,0,2,2,9
89.0,0,0,2,0,2,2,9
90.0,0,0,2,0,2,2,9
91.0,0,0,3,0,3,2,9
92.0,0,0,3,0,3,2,9
93.0,0,0,3,0,3,3,9
94.0,0,2,4,1,7,3,9
95.0,0,1,4,1,6,3,9
96.0,1,1,2,0,4,4,10
97.0,0,1,1,0,2,4,10
98.0,0,1,1,0,2,4,10
99.0,0,1,0,0,1,4,10
100.0,0,1,0,0,1,4,10
101.0,0,2,0,0,2,4,10
102.0,0,2,0,0,2,4,10
103.0,0,2,0,0,2,4,10
104.0,0,2,0,0,2,4,10
105.0,0,3,0,0,3,4,10
106.0,0,3,0,0,3,4,10
107.0,0,3,0,0,3,4,10
108.0,0,3,0,0,3,5,10
109.0,0,4,0,0,4,5,10
110.0,0,3,0,0,3,5,10
111.0,0,4,1,0,5,6,11
112.0,0,4,0,0,4,6,11
113.0,0,4,0,0,4,6,11
114.0,1,4,0,0,5,6,11
115.0,0,4,0,0,4,6,11
116.0,0,4,1,0,5,7,11
117.0,0,5,0,0,5,7,11
118.0,0,5,0,0,5,7,11
119.0,1,3,0,0,4,0,12
120.0,0,2,0,0,2,0,12
121.0,0,2,1,0,3,0,12
122.0,0,0,1,0,1,0,12
123.0,0,0,1,0,1,0,12
124.0,1,0,2,0,3,0,12
125.0,0,0,2,0,2,0,12
126.0,0,0,4,1,5,0,12
127.0,0,0,4,0,4,0,12
128.0,0,0,4,0,4,0,12
129.0,0,0,4,0,4,0,12
130.0,0,0,4,0,4,0,12
131.0,1,0,4,0,5,0,12
132.0,0,0,4,0,4,1,12
133.0,0,0,4,0,4,1,12
134.0,0,0,5,0,5,1,12
135.0,0,0,4,0,4,2,13
136.0,0,0,5,0,5,2,13
137.0,0,0,5,0,5,2,13
138.0,1,0,5,1,7,2,13
139.0,1,1,5,1,8,2,13
140.0,2,0,5,1,8,3,13
141.0,2,0,6,2,10,3,13
142.0,2,0,5,2,9,3,13
143.0,2,0,2,1,5,4,14
144.0,2,0,0,1,3,4,14
145.0,2,0,0,0,2,4,14
146.0,3,1,0,0,4,4,14
147.0,3,0,0,0,3,4,14
148.0,3,0,0,0,3,4,14
149.0,3,0,0,0,3,4,14
150.0,3,1,0,0,4,4,14
151.0,3,1,0,0,4,4,14
152.0,3,1,0,0,4,4,14
153.0,3,1,0,0,4,4,14
154.0,4,1,0,0,5,5,14
155.0,4,2,0,0,6,5,14
156.0,4,3,0,1,8,5,14
157.0,4,3,0,0,7,6,15
158.0,4,3,0,0,7,6,15
159.0,4,3,0,0,7,6,15
160.0,4,3,0,0,7,6,15
161.0,4,3,1,0,8,6,15
162.0,4,3,1,0,8,7,15
163.0,4,3,1,0,8,7,15
164.0,4,3,1,0,8,7,15
165.0,2,1,1,0,4,0,16
166.0,1,0,1,1,3,0,16
167.0,0,0,2,1,3,0,16
168.0,0,0,1,2,3,0,16
169.0,0,1,2,2,5,0,16
170.0,0,0,2,2,4,1,16
171.0,0,0,2,2,4,1,16
172.0,0,0,2,1,3,1,16
173.0,1,0,2,1,4,2,17
174.0,1,0,2,2,5,2,17
175.0,1,0,3,2,6,2,17
176.0,2,0,4,2,8,2,17
177.0,1,0,5,2,8,2,17
178.0,1,0,5,2,8,3,17
179.0,1,0,5,2,8,3,17
180.0,1,1,5,3,10,3,17
181.0,1,1,4,1,7,4,18
182.0,1,1,1,0,3,4,18
183.0,1,1,0,0,2,4,18
184.0,1,1,0,0,2,4,18
185.0,1,1,0,0,2,4,18
186.0,1,3,0,0,4,4,18
187.0,1,2,0,0,3,4,18
188.0,1,2,0,0,3,4,18
189.0,1,2,1,0,4,4,18
190.0,1,2,0,0,3,4,18
191.0,1,2,0,0,3,4,18
192.0,1,2,0,0,3,4,18
193.0,1,2,0,0,3,4,18
194.0,1,2,1,0,4,4,18
195.0,1,2,0,0,3,5,18
196.0,1,3,0,0,4,5,18
197.0,1,2,0,0,3,5,18
198.0,1,3,0,0,4,6,19
199.0,1,3,0,0,4,6,19
200.0,2,3,1,0,6,6,19
201.0,2,3,1,1,7,6,19
202.0,2,3,1,0,6,6,19
203.0,2,3,1,0,6,7,19
204.0,2,3,1,0,6,7,19
205.0,2,3,2,0,7,7,19
206.0,0,1,2,0,3,0,20
207.0,0,0,3,1,4,0,20
208.0,0,0,3,0,3,0,20
209.0,0,0,3,0,3,0,20
210.0,0,0,4,1,5,0,20
211.0,0,0,5,0,5,1,20
212.0,0,0,5,0,5,1,20
213.0,0,0,5,1,6,1,20
214.0,0,0,5,1,6,2,21
215.0,0,0,5,1,6,2,21
216.0,0,0,5,1,6,2,21
217.0,0,0,5,1,6,2,21
218.0,0,0,5,1,6,2,21
219.0,0,1,6,2,9,3,21
220.0,0,0,6,2,8,3,21
221.0,0,0,6,3,9,3,21
222.0,0,0,4,0,4,4,22
223.0,0,0,2,0,2,4,22
224.0,0,0,1,0,1,4,22
225.0,0,0,0,0,0,4,22
226.0,0,0,0,0,0,4,22
227.0,0,0,0,0,0,4,22
228.0,0,0,0,0,0,4,22
229.0,0,0,0,0,0,4,22
230.0,0,1,0,0,1,4,22
231.0,0,1,0,1,2,4,22
232.0,0,1,0,0,1,4,22
233.0,0,1,0,0,1,4,22
234.0,0,1,1,0,2,4,22
235.0,0,1,0,0,1,4,22
236.0,0,1,0,0,1,4,22
237.0,0,2,0,0,2,4,22
238.0,0,1,0,0,1,4,22
239.0,0,1,0,0,1,4,22
240.0,0,2,0,0,2,4,22
241.0,0,3,0,0,3,4,22
242.0,0,2,0,0,2,4,22
243.0,0,2,0,0,2,4,22
244.0,0,2,0,0,2,5,22
245.0,0,2,0,0,2,5,22
246.0,1,2,0,0,3,5,22
247.0,0,2,0,0,2,6,23
248.0,0,2,0,0,2,6,23
249.0,0,3,0,1,4,6,23
250.0,0,3,0,0,3,6,23
251.0,0,4,0,1,5,6,23
252.0,0,5,0,0,5,7,23
253.0,0,5,0,0,5,7,23
254.0,0,5,0,0,5,7,23
255.0,0,2,0,0,2,0,24
256.0,0,1,0,0,1,0,24
257.0,0,0,0,0,0,0,24
258.0,0,0,0,0,0,0,24
259.0,0,0,1,0,1,0,24
260.0,0,0,0,0,0,0,24
261.0,0,0,0,2,2,1,24
262.0,0,0,0,2,2,1,24
263.0,0,0,0,2,2,1,24
264.0,0,0,0,3,3,2,25
265.0,0,0,0,3,3,2,25
266.0,0,1,0,3,4,2,25
267.0,1,0,0,3,4,2,25
268.0,1,0,0,3,4,2,25
269.0,1,0,0,3,4,2,25
270.0,1,0,1,4,6,3,25
271.0,1,1,1,4,7,3,25
272.0,1,0,1,4,6,3,25
273.0,1,0,0,3,4,4,26
274.0,2,0,0,2,4,4,26
275.0,1,0,0,1,2,4,26
276.0,1,0,0,0,1,4,26
277.0,1,0,0,0,1,4,26
278.0,1,0,0,0,1,4,26
279.0,2,0,0,0,2,4,26
280.0,1,0,0,0,1,4,26
281.0,2,1,0,0,3,4,26
282.0,1,2,0,0,3,4,26
283.0,1,2,0,0,3,5,26
284.0,1,3,0,0,4,5,26
285.0,1,2,0,0,3,5,26
286.0,1,2,0,0,3,6,27
287.0,1,2,0,0,3,6,27
288.0,1,2,0,0,3,6,27
289.0,1,2,0,1,4,6,27
290.0,1,2,0,0,3,6,27
291.0,2,2,0,0,4,6,27
292.0,1,2,0,0,3,7,27
293.0,1,2,0,0,3,7,27
294.0,2,2,0,0,4,7,27
295.0,0,0,0,1,1,0,28
296.0,0,0,1,1,2,0,28
297.0,0,0,2,1,3,0,28
298.0,0,0,2,1,3,0,28
299.0,0,0,2,1,3,0,28
300.0,0,0,2,1,3,0,28
301.0,0,0,2,1,3,1,28
302.0,0,0,2,1,3,1,28
303.0,0,0,2,1,3,1,28
304.0,0,1,2,1,4,2,29
305.0,0,0,2,1,3,2,29
306.0,0,0,3,1,4,2,29
307.0,1,0,2,1,4,2,29
308.0,1,0,3,1,5,2,29
309.0,1,0,3,1,5,3,29
310.0,1,0,3,1,5,3,29
311.0,1,0,3,2,6,3,29
312.0,1,0,1,0,2,4,30
313.0,1,0,0,0,1,4,30
314.0,1,0,0,1,2,4,30
315.0,2,0,0,0,2,4,30
316.0,3,1,0,0,4,4,30
317.0,3,1,0,0,4,5,30
318.0,3,1,0,0,4,5,30
319.0,3,1,0,0,4,5,30
320.0,3,1,0,0,4,6,31
321.0,3,1,1,0,5,6,31
322.0,3,1,0,1,5,6,31
323.0,3,1,0,1,5,6,31
324.0,3,1,1,1,6,6,31
325.0,3,3,0,2,8,7,31
326.0,4,3,0,2,9,7,31
327.0,3,3,0,2,8,7,31
328.0,1,1,0,2,4,0,32
329.0,0,0,0,2,2,0,32
330.0,0,0,0,2,2,0,32
331.0,0,0,0,3,3,0,32
332.0,0,0,1,3,4,0,32
333.0,0,0,1,3,4,1,32
334.0,0,0,1,4,5,1,32
335.0,0,0,2,3,5,1,32
336.0,0,0,2,3,5,2,33
337.0,0,0,2,4,6,2,33
338.0,0,0,2,3,5,2,33
339.0,0,1,2,3,6,2,33
340.0,0,0,2,3,5,2,33
341.0,0,0,2,3,5,3,33
342.0,0,1,2,4,7,3,33
343.0,0,1,2,4,7,3,33
344.0,0,1,1,4,6,4,34
345.0,0,1,0,1,2,4,34
346.0,0,1,0,0,1,4,34
347.0,0,1,0,0,1,4,34
348.0,0,1,0,0,1,4,34
349.0,1,1,1,0,3,4,34
350.0,1,1,0,0,2,5,34
351.0,1,2,0,0,3,5,34
352.0,1,1,0,0,2,5,34
353.0,1,1,0,1,3,6,35
354.0,1,1,0,1,3,6,35
355.0,1,2,0,2,5,6,35
356.0,1,3,0,2,6,6,35
357.0,1,2,0,2,5,6,35
358.0,1,2,0,2,5,6,35
359.0,2,2,0,3,7,6,35
360.0,1,3,0,3,7,7,35
361.0,1,3,0,3,7,7,35
362.0,1,3,0,4,8,7,35
363.0,0,1,0,4,5,0,36
364.0,0,0,0,4,4,0,36
365.0,0,0,0,4,4,0,36
366.0,0,0,0,4,4,0,36
367.0,0,0,0,3,3,0,36
368.0,0,0,0,3,3,1,36
369.0,0,0,0,3,3,1,36
370.0,0,0,0,3,3,1,36
371.0,1,0,1,3,5,2,37
372.0,0,0,1,4,5,2,37
373.0,0,0,1,4,5,2,37
374.0,0,1,1,4,6,2,37
375.0,0,0,2,4,6,2,37
376.0,0,0,2,4,6,3,37
377.0,0,0,2,4,6,3,37
378.0,0,0,2,4,6,3,37
379.0,0,1,1,2,4,4,38
380.0,1,0,0,0,1,4,38
381.0,1,0,0,0,1,4,38
382.0,1,0,0,0,1,4,38
383.0,1,0,0,0,1,4,38
384.0,1,0,0,0,1,4,38
385.0,1,0,0,0,1,4,38
386.0,1,1,1,0,3,4,38
387.0,1,0,0,0,1,4,38
388.0,1,0,0,0,1,4,38
389.0,1,1,0,0,2,4,38
390.0,1,1,0,0,2,4,38
391.0,1,1,0,0,2,4,38
392.0,1,1,0,0,2,4,38
393.0,1,2,0,0,3,4,38
394.0,1,2,1,0,4,4,38
395.0,2,3,0,0,5,4,38
396.0,2,3,0,0,5,5,38
397.0,2,3,0,0,5,5,38
398.0,2,3,0,0,5,5,38
399.0,2,4,0,0,6,6,39
400.0,2,5,0,0,7,6,39
401.0,2,5,0,0,7,6,39
402.0,2,5,0,1,8,6,39
403.0,2,5,0,0,7,6,39
404.0,2,5,0,0,7,7,39
405.0,2,5,0,0,7,7,39
406.0,2,5,1,0,8,7,39
407.0,0,2,1,0,3,0,40
408.0,0,0,1,1,2,0,40
409.0,1,0,1,1,3,0,40
410.0,0,0,1,1,2,0,40
411.0,0,0,1,2,3,0,40
412.0,0,0,1,2,3,1,40
413.0,0,0,1,2,3,1,40
414.0,0,0,1,2,3,1,40
415.0,0,0,1,2,3,2,41
416.0,0,0,2,2,4,2,41
417.0,0,0,1,2,3,2,41
418.0,0,0,1,2,3,2,41
419.0,0,0,1,3,4,2,41
420.0,0,0,1,2,3,3,41
421.0,0,0,1,2,3,3,41
422.0,0,0,2,2,4,3,41
423.0,0,0,0,1,1,4,42
424.0,0,0,0,0,0,4,42
425.0,0,1,0,0,1,4,42
426.0,0,0,0,0,0,4,42
427.0,0,0,0,0,0,4,42
428.0,0,0,0,0,0,4,42
429.0,0,0,0,0,0,4,42
430.0,0,0,0,0,0,4,42
431.0,1,0,0,0,1,4,42
432.0,1,2,0,0,3,4,42
433.0,1,2,0,0,3,4,42
434.0,1,3,0,0,4,4,42
435.0,1,2,0,0,3,5,42
436.0,1,3,1,0,5,5,42
437.0,1,3,0,0,4,5,42
438.0,1,3,0,0,4,6,43
439.0,1,3,0,1,5,6,43
440.0,1,3,0,0,4,6,43
441.0,1,3,0,0,4,6,43
442.0,1,3,0,0,4,6,43
443.0,1,4,0,0,5,7,43
444.0,1,4,0,0,5,7,43
445.0,1,4,1,0,6,7,43
446.0,0,2,1,0,3,0,44
447.0,0,1,1,0,2,0,44
448.0,0,0,1,0,1,0,44
449.0,0,0,3,0,3,0,44
450.0,0,0,2,0,2,0,44
451.0,0,0,2,0,2,1,44
452.0,0,0,2,0,2,1,44
453.0,0,0,3,0,3,1,44
454.0,0,1,2,0,3,2,45
455.0,0,0,3,0,3,2,45
456.0,0,0,3,1,4,2,45
457.0,0,0,3,0,3,2,45
458.0,0,0,3,0,3,2,45
459.0,0,1,3,0,4,3,45
460.0,0,0,3,0,3,3,45
461.0,0,0,4,0,4,3,45
462.0,0,0,2,0,2,4,46
463.0,0,1,2,0,3,4,46
464.0,0,2,2,0,4,4,46
465.0,0,2,0,0,2,4,46
466.0,0,2,0,0,2,4,46
467.0,0,2,0,0,2,4,46
468.0,0,3,0,0,3,4,46
469.0,0,3,0,0,3,4,46
470.0,0,3,0,0,3,4,46
471.0,0,3,1,0,4,4,46
472.0,0,3,0,0,3,4,46
473.0,0,3,0,0,3,4,46
474.0,1,4,0,0,5,5,46
475.0,0,4,0,0,4,5,46
476.0,0,5,0,0,5,5,46
477.0,0,4,0,0,4,6,47
478.0,0,4,0,0,4,6,47
479.0,1,4,0,0,5,6,47
480.0,0,4,0,0,4,6,47
481.0,0,4,0,0,4,6,47
482.0,0,4,0,0,4,7,47
483.0,0,4,1,0,5,7,47
484.0,0,4,1,0,5,7,47
485.0,0,1,1,0,2,0,48
486.0,0,0,1,0,1,0,48
487.0,0,0,2,0,2,0,48
488.0,0,0,1,0,1,0,48
489.0,0,0,1,0,1,0,48
490.0,0,0,1,0,1,1,48
491.0,0,1,1,0,2,1,48
492.0,0,0,1,0,1,1,48
493.0,0,0,2,0,2,2,49
494.0,0,0,2,0,2,2,49
495.0,0,0,2,0,2,2,49
496.0,0,0,2,0,2,2,49
497.0,0,0,3,0,3,2,49
498.0,0,0,2,0,2,3,49
499.0,0,0,2,0,2,3,49
500.0,2,0,2,0,4,3,49
501.0,2,0,2,0,4,4,50
502.0,2,0,2,0,4,4,50
503.0,2,1,1,0,4,4,50
504.0,2,1,0,0,3,4,50
505.0,2,1,0,0,3,4,50
506.0,2,1,0,1,4,4,50
507.0,2,1,0,0,3,4,50
508.0,2,1,0,0,3,4,50
509.0,2,1,0,0,3,4,50
510.0,2,1,0,0,3,5,50
511.0,2,1,0,0,3,5,50
512.0,2,1,0,0,3,5,50
513.0,2,1,1,0,4,6,51
514.0,2,1,0,0,3,6,51
515.0,2,2,0,0,4,6,51
516.0,2,2,0,0,4,6,51
517.0,2,2,0,0,4,6,51
518.0,2,2,0,0,4,7,51
519.0,2,2,0,0,4,7,51
520.0,2,2,0,0,4,7,51
521.0,0,1,1,0,2,0,52
522.0,0,0,1,0,1,0,52
523.0,0,0,2,0,2,0,52
524.0,0,0,2,0,2,0,52
525.0,0,0,3,0,3,0,52
526.0,1,0,3,0,4,1,52
527.0,0,0,3,0,3,1,52
528.0,0,0,3,0,3,1,52
529.0,0,0,3,0,3,2,53
530.0,0,0,3,0,3,2,53
531.0,0,0,3,0,3,2,53
532.0,0,0,3,0,3,2,53
533.0,0,0,4,0,4,2,53
534.0,0,1,4,0,5,3,53
535.0,0,0,4,1,5,3,53
536.0,0,0,4,1,5,3,53
537.0,0,0,2,0,2,4,54
538.0,0,0,1,0,1,4,54
539.0,0,1,0,0,1,4,54
540.0,0,0,0,0,0,4,54
541.0,0,0,0,1,1,4,54
542.0,0,0,1,0,1,5,54
543.0,0,0,0,0,0,5,54
544.0,0,1,0,0,1,5,54
545.0,0,1,0,0,1,6,55
546.0,0,1,2,0,3,6,55
547.0,0,2,1,0,3,6,55
548.0,1,2,1,1,5,6,55
549.0,1,2,2,1,6,6,55
550.0,1,3,2,1,7,7,55
551.0,1,3,2,1,7,7,55
552.0,1,3,2,2,8,7,55
553.0,0,1,3,2,6,0,56
554.0,0,0,3,3,6,0,56
555.0,0,0,4,3,7,0,56
556.0,0,0,4,3,7,0,56
557.0,0,0,4,3,7,0,56
558.0,0,0,4,3,7,1,56
559.0,0,0,5,3,8,1,56
560.0,0,0,4,3,7,1,56
561.0,0,0,4,3,7,2,57
562.0,0,0,5,3,8,2,57
563.0,0,0,5,3,8,2,57
564.0,0,1,5,4,10,2,57
565.0,0,0,5,4,9,2,57
566.0,0,0,5,4,9,3,57
567.0,0,1,5,4,10,3,57
568.0,0,0,5,4,9,3,57
569.0,0,0,3,2,5,4,58
570.0,0,0,2,0,2,4,58
571.0,0,0,1,0,1,4,58
572.0,0,1,0,0,1,4,58
573.0,0,1,0,0,1,4,58
574.0,0,1,0,1,2,4,58
575.0,0,1,0,0,1,4,58
576.0,1,1,0,0,2,4,58
577.0,0,1,0,0,1,4,58
578.0,0,1,0,0,1,5,58
579.0,0,2,0,0,2,5,58
580.0,0,2,0,0,2,5,58
581.0,0,2,0,1,3,6,59
582.0,0,2,0,0,2,6,59
583.0,0,2,0,0,2,6,59
584.0,0,2,0,1,3,6,59
585.0,0,2,0,1,3,6,59
586.0,1,2,0,2,5,7,59
587.0,0,3,0,3,6,7,59
588.0,0,3,0,3,6,7,59
589.0,0,1,0,4,5,0,60
590.0,0,0,0,4,4,0,60
591.0,0,1,0,5,6,0,60
592.0,0,0,0,5,5,0,60
593.0,0,0,1,5,6,0,60
594.0,0,0,1,5,6,0,60
595.0,0,0,1,5,6,0,60
596.0,0,0,2,8,10,0,60
597.0,0,0,1,7,8,0,60
598.0,0,0,1,7,8,0,60
599.0,0,1,1,7,9,0,60
600.0,0,0,1,8,9,0,60
601.0,1,0,1,8,10,1,60
602.0,0,0,2,8,10,1,60
603.0,0,0,3,8,11,1,60
604.0,0,0,3,9,12,2,61
605.0,0,0,3,9,12,2,61
606.0,0,0,3,9,12,2,61
607.0,0,0,4,9,13,2,61
608.0,0,0,4,9,13,2,61
609.0,0,1,4,9,14,2,61
610.0,0,1,4,9,14,3,61
611.0,1,1,4,9,15,3,61
612.0,0,1,5,9,15,3,61
613.0,0,1,2,7,10,4,62
614.0,0,1,1,6,8,4,62
615.0,0,1,0,3,4,4,62
616.0,0,1,0,1,2,4,62
617.0,0,1,0,0,1,4,62
618.0,0,1,0,0,1,4,62
619.0,0,1,0,0,1,4,62
620.0,0,1,0,0,1,4,62
621.0,0,1,0,0,1,4,62
622.0,0,1,0,0,1,4,62
623.0,0,1,0,0,1,4,62
624.0,0,1,0,0,1,4,62
625.0,0,1,0,0,1,4,62
626.0,1,1,0,0,2,4,62
627.0,1,1,0,0,2,4,62
628.0,1,1,0,0,2,5,62
629.0,1,1,0,0,2,5,62
630.0,1,1,0,0,2,5,62
631.0,1,1,0,0,2,6,63
632.0,1,1,0,0,2,6,63
633.0,1,2,0,0,3,6,63
634.0,2,2,0,0,4,6,63
635.0,2,2,1,0,5,6,63
636.0,3,2,0,0,5,7,63
637.0,2,2,0,0,4,7,63
638.0,2,2,0,0,4,7,63
639.0,1,0,0,0,1,0,64
640.0,0,0,0,0,0,0,64
641.0,0,0,1,0,1,0,64
642.0,1,0,1,0,2,0,64
643.0,0,0,1,0,1,0,64
644.0,0,0,1,0,1,1,64
645.0,0,0,1,0,1,1,64
646.0,0,0,1,0,1,1,64
647.0,0,0,1,0,1,2,65
648.0,0,0,1,0,1,2,65
649.0,0,0,1,2,3,2,65
650.0,0,0,1,2,3,2,65
651.0,0,1,2,1,4,2,65
652.0,0,0,2,1,3,2,65
653.0,0,0,3,1,4,3,65
654.0,0,0,3,1,4,3,65
655.0,0,0,4,1,5,3,65
656.0,0,1,1,0,2,4,66
657.0,0,0,0,0,0,4,66
658.0,1,0,0,0,1,4,66
659.0,1,0,0,0,1,4,66
660.0,1,0,0,0,1,4,66
661.0,2,1,0,0,3,4,66
662.0,2,1,0,0,3,4,66
663.0,2,1,0,0,3,4,66
664.0,2,1,0,1,4,4,66
665.0,3,1,0,0,4,4,66
666.0,3,2,1,0,6,5,66
667.0,3,2,0,0,5,5,66
668.0,3,2,0,0,5,5,66
669.0,3,3,0,0,6,6,67
670.0,3,2,0,0,5,6,67
671.0,4,2,0,0,6,6,67
672.0,3,2,0,0,5,6,67
673.0,3,2,0,0,5,6,67
674.0,3,2,0,0,5,6,67
675.0,3,2,0,0,5,6,67
676.0,3,2,0,0,5,7,67
677.0,3,2,0,0,5,7,67
678.0,3,2,0,0,5,7,67
679.0,1,1,0,0,2,0,68
680.0,0,0,0,0,0,0,68
681.0,0,1,0,0,1,0,68
682.0,0,0,0,0,0,0,68
683.0,0,0,1,0,1,0,68
684.0,0,0,3,0,3,1,68
685.0,0,0,2,0,2,1,68
686.0,0,0,2,1,3,1,68
687.0,0,0,2,0,2,2,69
688.0,0,0,2,0,2,2,69
689.0,1,0,2,0,3,2,69
690.0,0,0,2,0,2,2,69
691.0,0,0,2,1,3,2,69
692.0,1,0,2,0,3,3,69
693.0,1,0,2,0,3,3,69
694.0,1,0,2,0,3,3,69
695.0,1,0,2,0,3,4,70
696.0,1,0,1,0,2,4,70
697.0,1,0,1,0,2,4,70
698.0,1,0,0,0,1,4,70
699.0,1,0,0,0,1,4,70
700.0,1,0,0,0,1,4,70
701.0,1,0,0,0,1,4,70
702.0,1,0,0,0,1,4,70
703.0,1,1,0,0,2,4,70
704.0,2,1,0,0,3,5,70
705.0,1,1,0,0,2,5,70
706.0,1,1,0,1,3,5,70
707.0,1,1,0,0,2,6,71
708.0,1,1,0,0,2,6,71
709.0,1,1,0,1,3,6,71
710.0,2,1,0,0,3,6,71
711.0,2,1,0,0,3,6,71
712.0,2,1,0,1,4,7,71
713.0,2,1,0,0,3,7,71
714.0,2,2,0,0,4,7,71
715.0,1,0,0,0,1,0,72
716.0,1,0,0,0,1,0,72
717.0,0,0,0,1,1,0,72
718.0,0,0,1,1,2,0,72
719.0,0,1,1,1,3,0,72
720.0,0,0,1,2,3,1,72
721.0,0,0,1,2,3,1,72
722.0,0,0,1,2,3,1,72
723.0,0,0,1,2,3,2,73
724.0,0,0,1,3,4,2,73
725.0,0,0,1,3,4,2,73
726.0,0,2,1,3,6,2,73
727.0,0,1,1,3,5,2,73
728.0,1,1,1,3,6,3,73
729.0,2,1,1,3,7,3,73
730.0,1,2,1,3,7,3,73
731.0,1,3,0,1,5,4,74
732.0,1,3,0,0,4,4,74
733.0,1,3,0,0,4,4,74
734.0,2,3,0,0,5,4,74
735.0,1,4,0,0,5,4,74
736.0,1,5,0,0,6,5,74
737.0,1,4,0,0,5,5,74
738.0,2,4,0,0,6,5,74
739.0,3,4,0,0,7,6,75
740.0,2,4,0,0,6,6,75
741.0,2,4,0,1,7,6,75
742.0,2,4,0,0,6,6,75
743.0,2,4,0,0,6,6,75
744.0,2,4,0,0,6,7,75
745.0,2,4,0,0,6,7,75
746.0,2,6,0,0,8,7,75
747.0,0,2,0,0,2,0,76
748.0,0,1,0,0,1,0,76
749.0,0,0,0,1,1,0,76
750.0,0,0,0,0,0,0,76
751.0,0,0,1,0,1,0,76
752.0,0,0,1,0,1,1,76
753.0,0,0,1,1,2,1,76
754.0,0,0,1,1,2,1,76
755.0,0,1,1,2,4,2,77
756.0,0,1,1,1,3,2,77
757.0,0,1,1,1,3,2,77
758.0,0,2,1,1,4,2,77
759.0,1,2,1,1,5,2,77
760.0,1,2,1,2,6,3,77
761.0,2,3,1,3,9,3,77
762.0,2,2,1,4,9,3,77
763.0,2,2,0,2,6,4,78
764.0,2,3,0,1,6,4,78
765.0,2,2,0,0,4,4,78
766.0,2,3,0,0,5,4,78
767.0,2,2,0,0,4,4,78
768.0,2,2,0,0,4,5,78
769.0,2,3,0,0,5,5,78
770.0,2,2,0,0,4,5,78
771.0,2,2,0,0,4,6,79
772.0,2,3,0,1,6,6,79
773.0,2,3,0,0,5,6,79
774.0,2,3,0,0,5,6,79
775.0,2,4,1,0,7,6,79
776.0,2,4,1,0,7,7,79
777.0,2,5,1,0,8,7,79
778.0,2,6,1,0,9,7,79
779.0,0,3,1,1,5,0,80
780.0,0,3,1,1,5,0,80
781.0,0,0,1,1,2,0,80
782.0,0,0,1,1,2,0,80
783.0,0,1,1,2,4,0,80
784.0,0,0,1,2,3,1,80
785.0,0,0,1,2,3,1,80
786.0,0,1,1,2,4,1,80
787.0,0,1,2,2,5,2,81
788.0,0,1,2,2,5,2,81
789.0,0,1,2,3,6,2,81
790.0,0,1,2,2,5,2,81
791.0,0,2,2,2,6,2,81
792.0,0,2,2,2,6,2,81
793.0,0,2,2,2,6,2,81
794.0,0,2,2,2,6,2,81
795.0,0,2,2,2,6,2,81
796.0,0,2,2,2,6,2,81
797.0,0,2,2,2,6,3,81
798.0,0,2,2,2,6,3,81
799.0,0,2,2,3,7,3,81
800.0,0,2,0,0,2,4,82
801.0,0,2,0,0,2,4,82
802.0,0,2,0,0,2,4,82
803.0,0,2,0,0,2,4,82
804.0,0,2,0,0,2,4,82
805.0,0,2,0,0,2,4,82
806.0,0,2,1,0,3,4,82
807.0,0,2,0,0,2,4,82
808.0,0,2,0,0,2,4,82
809.0,0,2,0,0,2,4,82
810.0,0,2,0,0,2,4,82
811.0,0,2,0,0,2,4,82
812.0,0,2,0,0,2,4,82
813.0,0,2,0,0,2,4,82
814.0,0,3,0,0,3,4,82
815.0,0,3,0,0,3,4,82
816.0,0,3,0,0,3,5,82
817.0,0,3,0,0,3,5,82
818.0,0,3,0,0,3,5,82
819.0,1,3,0,0,4,6,83
820.0,0,4,0,0,4,6,83
821.0,0,4,0,0,4,6,83
822.0,0,4,0,0,4,6,83
823.0,0,4,0,0,4,6,83
824.0,0,5,0,0,5,7,83
825.0,0,4,0,0,4,7,83
826.0,0,4,1,0,5,7,83
827.0,0,3,2,0,5,0,84
828.0,0,2,1,0,3,0,84
829.0,0,1,1,0,2,0,84
830.0,0,0,2,0,2,0,84
831.0,0,0,1,1,2,0,84
832.0,0,0,1,1,2,0,84
833.0,0,0,2,1,3,0,84
834.0,0,0,1,1,2,0,84
835.0,0,0,1,1,2,0,84
836.0,0,0,1,1,2,1,84
837.0,0,0,1,1,2,1,84
838.0,0,0,3,1,4,1,84
839.0,2,0,3,1,6,2,85
840.0,1,0,3,1,5,2,85
841.0,1,1,4,2,8,2,85
842.0,1,0,4,2,7,2,85
843.0,1,0,4,2,7,2,85
844.0,2,0,4,3,9,3,85
845.0,1,0,4,3,8,3,85
846.0,1,0,4,4,9,3,85
847.0,1,0,1,1,3,4,86
848.0,1,0,0,0,1,4,86
849.0,1,0,0,0,1,4,86
850.0,1,1,0,0,2,4,86
851.0,1,1,1,0,3,4,86
852.0,1,2,0,0,3,4,86
853.0,1,2,0,0,3,4,86
854.0,1,2,0,1,4,4,86
855.0,1,2,0,0,3,4,86
856.0,1,2,1,0,4,4,86
857.0,1,2,0,0,3,5,86
858.0,1,2,0,0,3,5,86
859.0,2,2,0,0,4,5,86
860.0,2,2,0,0,4,6,87
861.0,2,2,0,0,4,6,87
862.0,2,2,0,0,4,6,87
863.0,2,2,1,0,5,6,87
864.0,2,3,1,0,6,6,87
865.0,2,2,1,0,5,7,87
866.0,3,3,1,0,7,7,87
867.0,3,2,2,0,7,7,87
868.0,1,1,2,0,4,0,88
869.0,0,0,3,0,3,0,88
870.0,0,0,3,0,3,0,88
871.0,0,0,3,2,5,0,88
872.0,0,0,3,1,4,0,88
873.0,0,0,3,1,4,0,88
874.0,1,0,3,1,5,0,88
875.0,0,0,3,1,4,0,88
876.0,0,0,3,1,4,0,88
877.0,0,0,3,1,4,0,88
878.0,0,0,3,1,4,0,88
879.0,0,1,3,1,5,0,88
880.0,0,0,3,1,4,1,88
881.0,0,0,5,1,6,1,88
882.0,0,0,4,1,5,1,88
883.0,0,0,4,2,6,2,89
884.0,1,0,4,3,8,2,89
885.0,0,0,4,3,7,2,89
886.0,0,0,4,4,8,2,89
887.0,0,0,4,3,7,2,89
888.0,0,0,4,3,7,2,89
889.0,1,0,4,3,8,3,89
890.0,0,0,4,3,7,3,89
891.0,0,0,5,3,8,3,89
892.0,0,0,3,0,3,4,90
893.0,0,0,1,0,1,4,90
894.0,0,0,0,0,0,4,90
895.0,0,0,0,0,0,4,90
896.0,1,0,0,1,2,4,90
897.0,1,0,0,0,1,5,90
898.0,1,0,0,0,1,5,90
899.0,1,0,1,0,2,5,90
900.0,1,0,2,0,3,6,91
901.0,1,0,2,0,3,6,91
902.0,1,0,3,0,4,6,91
903.0,1,0,2,1,4,6,91
904.0,1,0,2,1,4,6,91
905.0,1,0,2,1,4,7,91
906.0,1,0,2,3,6,7,91
907.0,1,0,2,2,5,7,91
908.0,1,0,3,2,6,0,92
909.0,0,0,3,2,5,0,92
910.0,0,0,3,2,5,0,92
911.0,1,0,3,2,6,0,92
912.0,0,0,4,2,6,0,92
913.0,0,0,4,2,6,0,92
914.0,0,0,5,3,8,0,92
915.0,0,0,5,3,8,0,92
916.0,0,1,6,3,10,0,92
917.0,0,0,5,4,9,1,92
918.0,0,0,5,4,9,1,92
919.0,0,0,5,5,10,1,92
920.0,0,0,6,4,10,2,93
921.0,0,0,6,4,10,2,93
922.0,0,0,6,4,10,2,93
923.0,0,0,6,4,10,2,93
924.0,0,1,6,4,11,2,93
925.0,0,0,6,4,10,3,93
926.0,1,0,6,4,11,3,93
927.0,0,0,6,4,10,3,93
928.0,0,1,4,2,7,4,94
929.0,0,1,3,0,4,4,94
930.0,0,1,2,0,3,4,94
931.0,0,1,1,1,3,4,94
932.0,0,1,0,0,1,4,94
933.0,0,1,0,0,1,4,94
934.0,1,1,0,0,2,4,94
935.0,1,1,0,0,2,4,94
936.0,1,3,0,0,4,4,94
937.0,1,3,0,0,4,4,94
938.0,1,3,0,0,4,4,94
939.0,1,3,0,0,4,4,94
940.0,1,3,0,0,4,4,94
941.0,2,4,0,0,6,4,94
942.0,1,4,0,0,5,4,94
943.0,1,4,0,0,5,4,94
944.0,1,4,0,0,5,4,94
945.0,1,4,0,0,5,5,94
946.0,2,4,0,0,6,5,94
947.0,2,5,0,0,7,5,94
948.0,2,5,0,0,7,6,95
949.0,2,5,0,1,8,6,95
950.0,2,5,0,0,7,6,95
951.0,3,5,0,0,8,6,95
952.0,2,5,0,0,7,6,95
953.0,2,5,0,0,7,7,95
954.0,2,5,0,0,7,7,95
955.0,3,5,1,0,9,7,95
956.0,1,2,0,0,3,0,96
957.0,0,1,0,0,1,0,96
958.0,0,0,0,0,0,0,96
959.0,0,0,0,0,0,0,96
960.0,0,0,0,1,1,0,96
961.0,0,0,1,2,3,0,96
962.0,0,0,1,1,2,0,96
963.0,0,0,1,1,2,0,96
964.0,0,0,1,1,2,1,96
965.0,0,0,2,1,3,1,96
966.0,0,0,2,1,3,1,96
967.0,0,0,2,1,3,2,97
968.0,0,0,3,1,4,2,97
969.0,0,1,2,1,4,2,97
970.0,0,1,2,1,4,2,97
971.0,0,1,2,3,6,2,97
972.0,0,1,2,2,5,2,97
973.0,0,1,3,2,6,2,97
974.0,0,1,4,2,7,3,97
975.0,0,1,3,2,6,3,97
976.0,0,1,3,2,6,3,97
977.0,0,1,1,0,2,4,98
978.0,0,1,0,0,1,4,98
979.0,1,1,0,0,2,4,98
980.0,0,1,0,0,1,4,98
981.0,0,1,0,0,1,4,98
982.0,0,1,0,0,1,4,98
983.0,0,1,0,0,1,4,98
984.0,0,1,0,0,1,5,98
985.0,0,1,0,0,1,5,98
986.0,0,1,0,0,1,5,98
987.0,0,1,0,0,1,6,99
988.0,0,1,0,0,1,6,99
989.0,0,1,0,0,1,6,99
990.0,0,2,0,0,2,6,99
991.0,0,1,0,0,1,6,99
992.0,0,1,0,0,1,7,99
993.0,0,1,0,0,1,7,99
994.0,0,2,0,1,3,7,99
995.0,0,0,0,1,1,0,100
996.0,0,0,2,1,3,0,100
997.0,0,0,1,1,2,0,100
998.0,0,0,1,1,2,0,100
999.0,0,0,1,1,2,0,100
1000.0,0,0,1,1,2,0,100
1001.0,0,0,1,2,3,0,100
1002.0,0,0,1,2,3,0,100
1003.0,0,0,1,2,3,0,100
1004.0,0,1,1,2,4,0,100
1005.0,0,0,1,2,3,1,100
1006.0,1,0,2,2,5,1,100
1007.0,0,0,2,2,4,1,100
1008.0,0,0,2,3,5,2,101
1009.0,0,0,3,3,6,2,101
1010.0,0,0,3,3,6,2,101
1011.0,0,0,4,3,7,2,101
1012.0,0,0,3,3,6,2,101
1013.0,0,0,3,3,6,3,101
1014.0,0,0,3,4,7,3,101
1015.0,0,0,3,4,7,3,101
1016.0,0,0,1,2,3,4,102
1017.0,0,0,0,1,1,4,102
1018.0,0,0,0,0,0,4,102
1019.0,1,0,0,0,1,4,102
1020.0,0,0,0,0,0,4,102
1021.0,0,0,0,1,1,5,102
1022.0,0,0,0,0,0,5,102
1023.0,0,0,0,1,1,5,102
1024.0,0,0,1,1,2,6,103
1025.0,0,0,0,1,1,6,103
1026.0,0,0,0,2,2,6,103
1027.0,0,0,0,1,1,6,103
1028.0,0,0,0,1,1,6,103
1029.0,0,0,0,1,1,6,103
1030.0,1,0,0,1,2,7,103
1031.0,1,0,0,2,3,7,103
1032.0,1,0,0,2,3,7,103
1033.0,0,0,1,2,3,0,104
1034.0,1,0,1,2,4,0,104
1035.0,0,0,1,3,4,0,104
1036.0,0,0,2,3,5,0,104
1037.0,0,0,1,3,4,0,104
1038.0,0,0,1,3,4,0,104
1039.0,0,0,2,4,6,0,104
1040.0,0,0,2,4,6,1,104
1041.0,0,1,2,4,7,1,104
1042.0,0,0,3,4,7,1,104
1043.0,0,0,2,4,6,2,105
1044.0,0,0,2,4,6,2,105
1045.0,0,0,2,4,6,2,105
1046.0,0,0,2,4,6,2,105
1047.0,0,0,3,5,8,2,105
1048.0,0,0,4,5,9,2,105
1049.0,1,0,4,5,10,2,105
1050.0,0,0,4,5,9,2,105
1051.0,0,1,5,5,11,2,105
1052.0,0,0,5,5,10,3,105
1053.0,0,0,5,5,10,3,105
1054.0,0,0,6,5,11,3,105
1055.0,0,0,3,3,6,4,106
1056.0,0,0,1,1,2,4,106
1057.0,0,0,0,0,0,4,106
1058.0,1,1,0,0,2,4,106
1059.0,1,2,0,0,3,4,106
1060.0,1,1,0,0,2,5,106
1061.0,1,1,0,0,2,5,106
1062.0,1,1,0,1,3,5,106
1063.0,1,2,1,1,5,6,107
1064.0,1,2,1,1,5,6,107
1065.0,1,2,1,1,5,6,107
1066.0,1,3,1,1,6,6,107
1067.0,1,2,1,1,5,6,107
1068.0,1,2,1,1,5,7,107
1069.0,1,2,1,1,5,7,107
1070.0,2,2,1,1,6,7,107
1071.0,1,0,1,1,3,0,108
1072.0,0,0,1,1,2,0,108
1073.0,0,0,2,1,3,0,108
1074.0,0,0,2,1,3,0,108
1075.0,0,0,3,2,5,0,108
1076.0,0,0,2,3,5,0,108
1077.0,0,0,3,2,5,1,108
1078.0,0,0,3,3,6,1,108
1079.0,0,0,3,3,6,1,108
1080.0,0,0,4,3,7,2,109
1081.0,0,0,5,3,8,2,109
1082.0,0,0,4,3,7,2,109
1083.0,0,0,4,3,7,2,109
1084.0,0,0,5,3,8,2,109
1085.0,0,0,5,3,8,3,109
1086.0,0,0,5,4,9,3,109
1087.0,0,0,6,5,11,3,109
1088.0,0,0,3,2,5,4,110
1089.0,0,0,1,1,2,4,110
1090.0,0,0,1,0,1,4,110
1091.0,1,0,0,0,1,4,110
1092.0,0,0,0,0,0,4,110
1093.0,0,0,0,0,0,4,110
1094.0,0,0,0,0,0,4,110
1095.0,0,0,0,0,0,4,110
1096.0,0,0,1,0,1,4,110
1097.0,0,0,0,0,0,4,110
1098.0,0,0,0,0,0,4,110
1099.0,0,0,0,0,0,4,110
1100.0,0,0,0,0,0,5,110
1101.0,0,0,1,0,1,5,110
1102.0,0,0,0,0,0,5,110
1103.0,0,0,0,0,0,6,111
1104.0,0,0,0,1,1,6,111
1105.0,0,0,0,0,0,6,111
1106.0,0,1,0,0,1,6,111
1107.0,0,0,0,0,0,6,111
1108.0,0,0,0,0,0,6,111
1109.0,0,0,0,2,2,6,111
1110.0,0,0,0,0,0,6,111
1111.0,0,0,1,0,1,7,111
1112.0,0,0,1,0,1,7,111
1113.0,1,0,1,0,2,7,111
1114.0,0,1,1,1,3,0,112
1115.0,0,0,1,1,2,0,112
1116.0,0,0,2,1,3,0,112
1117.0,0,0,2,1,3,0,112
1118.0,0,0,2,3,5,0,112
1119.0,0,0,2,3,5,1,112
1120.0,0,0,4,3,7,1,112
1121.0,0,0,4,4,8,1,112
1122.0,0,0,4,3,7,2,113
1123.0,0,0,4,4,8,2,113
1124.0,0,0,4,4,8,2,113
1125.0,0,0,4,5,9,2,113
1126.0,0,1,4,6,11,2,113
1127.0,0,0,4,6,10,3,113
1128.0,0,0,5,6,11,3,113
1129.0,0,0,6,6,12,3,113
1130.0,0,0,3,3,6,4,114
1131.0,0,1,1,1,3,4,114
1132.0,0,0,0,0,0,4,114
1133.0,0,0,0,0,0,4,114
1134.0,0,1,0,0,1,4,114
1135.0,0,0,0,0,0,4,114
1136.0,1,0,0,0,1,4,114
1137.0,0,1,0,0,1,4,114
1138.0,0,1,0,0,1,4,114
1139.0,0,1,0,0,1,5,114
1140.0,0,1,0,0,1,5,114
1141.0,0,2,0,0,2,5,114
1142.0,0,3,0,0,3,6,115
1143.0,0,3,0,0,3,6,115
1144.0,1,4,0,0,5,6,115
1145.0,0,4,0,0,4,6,115
1146.0,0,4,0,0,4,6,115
1147.0,0,4,0,0,4,7,115
1148.0,0,4,0,0,4,7,115
1149.0,0,5,0,0,5,7,115
1150.0,0,3,0,0,3,0,116
1151.0,0,1,0,0,1,0,116
1152.0,0,0,0,0,0,0,116
1153.0,0,0,0,0,0,0,116
1154.0,0,0,0,0,0,0,116
1155.0,0,0,1,0,1,1,116
1156.0,0,0,1,0,1,1,116
1157.0,0,0,1,0,1,1,116
1158.0,0,0,1,0,1,2,117
1159.0,0,0,1,0,1,2,117
1160.0,1,0,1,0,2,2,117
1161.0,1,1,1,0,3,2,117
1162.0,1,0,2,0,3,2,117
1163.0,1,0,2,0,3,3,117
1164.0,1,0,3,0,4,3,117
1165.0,1,0,2,0,3,3,117
1166.0,1,0,1,0,2,4,118
1167.0,2,0,0,0,2,4,118
1168.0,2,0,0,0,2,4,118
1169.0,2,0,0,0,2,4,118
1170.0,2,0,0,0,2,4,118
1171.0,2,0,0,0,2,4,118
1172.0,2,0,0,0,2,4,118
1173.0,2,1,0,0,3,4,118
1174.0,2,2,0,0,4,4,118
1175.0,2,1,0,0,3,4,118
1176.0,2,1,0,0,3,4,118
1177.0,2,2,0,0,4,4,118
1178.0,2,1,0,0,3,4,118
1179.0,2,1,0,1,4,4,118
1180.0,2,1,0,0,3,5,118
1181.0,2,2,0,0,4,5,118
1182.0,2,2,0,0,4,5,118
1183.0,2,2,0,0,4,6,119
1184.0,2,2,0,0,4,6,119
1185.0,2,2,0,0,4,6,119
1186.0,2,2,0,0,4,6,119
1187.0,2,2,0,0,4,6,119
1188.0,2,4,0,0,6,7,119
1189.0,2,5,0,0,7,7,119
1190.0,2,5,0,1,8,7,119
1191.0,1,2,0,1,4,0,120
1192.0,0,0,0,1,1,0,120
1193.0,0,0,0,1,1,0,120
1194.0,0,1,0,1,2,0,120
1195.0,0,0,0,1,1,0,120
1196.0,0,0,0,1,1,0,120
1197.0,0,0,0,1,1,0,120
1198.0,0,0,0,1,1,1,120
1199.0,1,0,1,1,3,1,120
1200.0,0,0,1,1,2,1,120
1201.0,0,0,1,2,3,2,121
1202.0,0,0,1,1,2,2,121
1203.0,0,0,1,1,2,2,121
1204.0,0,0,2,1,3,2,121
1205.0,0,0,1,1,2,2,121
1206.0,0,1,1,2,4,3,121
1207.0,0,1,1,1,3,3,121
1208.0,0,1,1,1,3,3,121
1209.0,0,1,1,0,2,4,122
1210.0,0,1,0,0,1,4,122
1211.0,0,2,0,0,2,4,122
1212.0,0,2,0,0,2,4,122
1213.0,0,2,0,0,2,4,122
1214.0,1,2,0,0,3,4,122
1215.0,0,2,0,0,2,4,122
1216.0,0,2,0,1,3,4,122
1217.0,0,2,0,0,2,4,122
1218.0,0,3,0,0,3,4,122
1219.0,0,3,0,0,3,5,122
1220.0,0,3,0,0,3,5,122
1221.0,0,4,0,0,4,5,122
1222.0,0,4,0,0,4,6,123
1223.0,1,4,0,0,5,6,123
1224.0,1,4,0,0,5,6,123
1225.0,1,4,0,0,5,6,123
1226.0,2,4,0,1,7,6,123
1227.0,1,4,0,2,7,7,123
1228.0,1,4,0,3,8,7,123
1229.0,2,4,0,3,9,7,123
1230.0,0,2,0,3,5,0,124
1231.0,0,1,1,2,4,0,124
1232.0,0,0,0,3,3,0,124
1233.0,0,0,0,3,3,0,124
1234.0,0,0,0,3,3,0,124
1235.0,0,0,1,3,4,0,124
1236.0,0,0,1,3,4,0,124
1237.0,0,0,1,3,4,1,124
1238.0,0,0,2,3,5,1,124
1239.0,0,0,2,3,5,1,124
1240.0,0,0,3,3,6,2,125
1241.0,0,0,3,4,7,2,125
1242.0,0,0,3,3,6,2,125
1243.0,0,0,3,3,6,2,125
1244.0,0,0,3,4,7,2,125
1245.0,0,0,3,3,6,3,125
1246.0,0,0,3,3,6,3,125
1247.0,0,0,3,3,6,3,125
1248.0,0,0,2,1,3,4,126
1249.0,1,1,0,0,2,4,126
1250.0,1,0,0,0,1,4,126
1251.0,2,1,0,0,3,4,126
1252.0,2,0,0,0,2,4,126
1253.0,2,0,0,0,2,4,126
1254.0,2,0,0,1,3,4,126
1255.0,2,0,0,0,2,4,126
1256.0,2,0,0,0,2,4,126
1257.0,2,0,0,0,2,4,126
1258.0,2,0,0,0,2,4,126
1259.0,2,0,1,0,3,4,126
1260.0,2,0,0,0,2,5,126
1261.0,2,0,0,1,3,5,126
1262.0,2,2,0,0,4,5,126
1263.0,2,2,0,0,4,6,127
1264.0,2,3,0,1,6,6,127
1265.0,2,3,0,0,5,6,127
1266.0,2,4,0,0,6,6,127
1267.0,2,4,0,0,6,6,127
1268.0,2,4,0,0,6,6,127
1269.0,2,4,0,1,7,6,127
1270.0,2,4,0,0,6,6,127
1271.0,2,4,1,0,7,6,127
1272.0,2,4,1,1,8,6,127
1273.0,2,4,1,0,7,6,127
1274.0,2,4,1,0,7,6,127
1275.0,2,4,1,0,7,7,127
1276.0,2,4,1,0,7,7,127
1277.0,2,4,1,0,7,7,127
1278.0,0,2,1,1,4,0,128
1279.0,0,1,1,1,3,0,128
1280.0,0,0,1,2,3,0,128
1281.0,0,0,1,2,3,0,128
1282.0,0,0,1,1,2,0,128
1283.0,0,0,1,1,2,1,128
1284.0,1,0,1,1,3,1,128
1285.0,0,0,1,2,3,1,128
1286.0,0,0,1,3,4,2,129
1287.0,0,0,1,2,3,2,129
1288.0,0,0,1,2,3,2,129
1289.0,0,0,1,2,3,2,129
1290.0,0,0,1,2,3,2,129
1291.0,0,0,2,2,4,3,129
1292.0,0,0,2,3,5,3,129
1293.0,0,1,2,3,6,3,129
1294.0,0,1,1,1,3,4,130
1295.0,0,1,0,0,1,4,130
1296.0,1,1,0,0,2,4,130
1297.0,0,1,0,0,1,4,130
1298.0,0,1,0,0,1,4,130
1299.0,0,1,0,0,1,4,130
1300.0,0,1,0,0,1,4,130
1301.0,0,1,1,0,2,4,130
1302.0,0,1,0,0,1,4,130
1303.0,0,1,0,0,1,5,130
1304.0,1,2,0,0,3,5,130
1305.0,0,3,0,0,3,5,130
1306.0,0,3,0,0,3,6,131
1307.0,0,3,0,0,3,6,131
1308.0,0,3,0,0,3,6,131
1309.0,0,3,0,0,3,6,131
1310.0,1,3,0,0,4,6,131
1311.0,1,3,0,0,4,6,131
1312.0,1,3,0,0,4,6,131
1313.0,1,3,0,0,4,6,131
1314.0,2,3,0,0,5,6,131
1315.0,1,3,0,0,4,7,131
1316.0,1,4,0,0,5,7,131
1317.0,1,4,0,0,5,7,131
1318.0,1,1,0,0,2,0,132
1319.0,0,1,0,0,1,0,132
1320.0,0,0,0,0,0,0,132
1321.0,0,0,0,0,0,0,132
1322.0,0,0,0,0,0,0,132
1323.0,0,0,0,0,0,0,132
1324.0,1,0,0,0,1,0,132
1325.0,0,0,0,0,0,0,132
1326.0,0,0,0,0,0,0,132
1327.0,0,0,0,0,0,0,132
1328.0,0,0,0,0,0,0,132
1329.0,0,0,0,1,1,0,132
1330.0,0,0,0,0,0,1,132
1331.0,1,0,0,0,1,1,132
1332.0,0,0,1,0,1,1,132
1333.0,0,0,1,1,2,2,133
1334.0,0,0,1,1,2,2,133
1335.0,0,0,1,1,2,2,133
1336.0,0,0,1,2,3,2,133
1337.0,1,0,1,1,3,2,133
1338.0,1,1,1,1,4,3,133
1339.0,1,1,1,1,4,3,133
1340.0,1,1,1,1,4,3,133
1341.0,1,1,0,0,2,4,134
1342.0,1,1,0,0,2,4,134
1343.0,1,1,0,0,2,4,134
1344.0,1,1,0,1,3,4,134
1345.0,1,1,0,0,2,4,134
1346.0,1,1,0,0,2,4,134
1347.0,2,1,0,0,3,4,134
1348.0,2,1,0,0,3,4,134
1349.0,2,1,0,0,3,4,134
1350.0,2,1,0,0,3,5,134
1351.0,2,1,0,0,3,5,134
1352.0,2,1,0,0,3,5,134
1353.0,2,1,0,0,3,6,135
1354.0,3,1,0,1,5,6,135
1355.0,3,1,0,1,5,6,135
1356.0,3,1,0,1,5,6,135
1357.0,3,1,0,2,6,6,135
1358.0,3,1,0,1,5,7,135
1359.0,3,1,0,1,5,7,135
1360.0,3,1,0,1,5,7,135
1361.0,0,0,0,1,1,0,136
1362.0,0,0,0,1,1,0,136
1363.0,0,0,0,1,1,0,136
1364.0,0,1,0,1,2,0,136
1365.0,0,0,1,2,3,0,136
1366.0,0,0,2,2,4,1,136
1367.0,0,0,3,2,5,1,136
1368.0,0,0,3,4,7,1,136
1369.0,0,0,3,3,6,2,137
1370.0,0,0,4,3,7,2,137
1371.0,0,0,4,4,8,2,137
1372.0,0,0,4,3,7,2,137
1373.0,0,0,4,3,7,2,137
1374.0,0,1,4,4,9,2,137
1375.0,0,0,4,4,8,2,137
1376.0,0,0,4,4,8,2,137
1377.0,0,0,4,5,9,3,137
1378.0,0,0,4,6,10,3,137
1379.0,0,0,4,6,10,3,137
1380.0,0,0,2,5,7,4,138
1381.0,1,0,1,3,5,4,138
1382.0,0,0,0,1,1,4,138
1383.0,0,0,0,0,0,4,138
1384.0,0,0,0,0,0,4,138
1385.0,0,0,0,0,0,4,138
1386.0,0,1,0,0,1,4,138
1387.0,0,1,0,0,1,4,138
1388.0,0,1,0,0,1,4,138
1389.0,0,2,0,1,3,5,138
1390.0,0,2,0,0,2,5,138
1391.0,1,2,0,0,3,5,138
1392.0,0,2,0,0,2,6,139
1393.0,0,2,0,0,2,6,139
1394.0,0,2,1,0,3,6,139
1395.0,0,3,0,0,3,6,139
1396.0,0,3,0,1,4,6,139
1397.0,0,3,1,1,5,7,139
1398.0,0,3,1,1,5,7,139
1399.0,1,3,1,1,6,7,139
1400.0,0,0,1,1,2,0,140
1401.0,0,0,2,1,3,0,140
1402.0,0,0,1,1,2,0,140
1403.0,0,0,2,1,3,0,140
1404.0,0,0,2,1,3,0,140
1405.0,0,0,2,1,3,1,140
1406.0,0,0,2,1,3,1,140
1407.0,0,0,2,1,3,1,140
1408.0,0,0,2,1,3,2,141
1409.0,0,0,2,1,3,2,141
1410.0,0,0,2,1,3,2,141
1411.0,0,0,2,1,3,2,141
1412.0,0,0,3,1,4,2,141
1413.0,0,0,3,1,4,2,141
1414.0,1,0,4,1,6,2,141
1415.0,1,0,4,1,6,3,141
1416.0,1,0,4,1,6,3,141
1417.0,1,0,4,1,6,3,141
1418.0,1,0,2,0,3,4,142
1419.0,3,0,1,0,4,4,142
1420.0,2,0,0,0,2,4,142
1421.0,2,1,0,0,3,4,142
1422.0,2,0,0,0,2,4,142
1423.0,2,0,0,0,2,5,142
1424.0,2,0,1,0,3,5,142
1425.0,2,0,0,0,2,5,142
1426.0,2,0,0,0,2,6,143
1427.0,2,0,2,0,4,6,143
1428.0,2,0,2,0,4,6,143
1429.0,2,0,2,0,4,6,143
1430.0,2,0,3,0,5,6,143
1431.0,2,1,4,0,7,7,143
1432.0,2,2,4,0,8,7,143
1433.0,2,2,3,1,8,7,143
1434.0,1,0,3,1,5,0,144
1435.0,0,0,3,1,4,0,144
1436.0,0,0,5,1,6,0,144
1437.0,0,0,6,1,7,0,144
1438.0,0,0,6,1,7,0,144
1439.0,0,0,6,2,8,0,144
1440.0,0,0,7,1,8,0,144
1441.0,0,0,8,2,10,1,144
1442.0,0,0,8,1,9,1,144
1443.0,0,0,8,1,9,1,144
1444.0,0,0,8,1,9,2,145
1445.0,0,0,8,1,9,2,145
1446.0,0,0,8,1,9,2,145
1447.0,0,0,8,1,9,2,145
1448.0,0,0,8,1,9,2,145
1449.0,0,0,8,1,9,3,145
1450.0,0,0,10,1,11,3,145
1451.0,0,0,9,1,10,3,145
1452.0,0,0,7,0,7,4,146
1453.0,0,0,4,0,4,4,146
1454.0,0,0,3,0,3,4,146
1455.0,0,0,2,1,3,4,146
1456.0,0,0,1,0,1,4,146
1457.0,0,0,0,0,0,4,146
1458.0,0,0,0,0,0,4,146
1459.0,0,0,0,0,0,4,146
1460.0,1,0,0,0,1,4,146
1461.0,1,0,0,0,1,4,146
1462.0,1,0,0,0,1,4,146
1463.0,1,1,0,0,2,4,146
1464.0,1,2,0,0,3,4,146
1465.0,1,1,0,0,2,4,146
1466.0,1,1,0,1,3,5,146
1467.0,1,1,0,0,2,5,146
1468.0,1,1,0,0,2,5,146
1469.0,1,1,0,0,2,6,147
1470.0,1,1,0,0,2,6,147
1471.0,1,1,1,0,3,6,147
1472.0,1,1,2,0,4,6,147
1473.0,1,1,1,0,3,6,147
1474.0,1,2,1,0,4,7,147
1475.0,1,2,1,1,5,7,147
1476.0,1,2,1,1,5,7,147
1477.0,0,1,1,1,3,0,148
1478.0,0,1,1,1,3,0,148
1479.0,0,0,1,1,2,0,148
1480.0,0,0,2,1,3,0,148
1481.0,0,0,4,1,5,0,148
1482.0,0,0,4,1,5,1,148
1483.0,0,0,4,1,5,1,148
1484.0,0,1,4,1,6,1,148
1485.0,0,0,4,1,5,2,149
1486.0,0,0,4,1,5,2,149
1487.0,0,1,4,1,6,2,149
1488.0,0,0,4,1,5,2,149
1489.0,0,0,4,2,6,2,149
1490.0,0,0,4,1,5,3,149
1491.0,0,1,4,1,6,3,149
1492.0,0,0,4,2,6,3,149
1493.0,0,0,3,0,3,4,150
1494.0,0,0,1,0,1,4,150
1495.0,0,0,0,0,0,4,150
1496.0,0,1,1,1,3,4,150
1497.0,0,2,0,0,2,4,150
1498.0,0,3,0,0,3,4,150
1499.0,0,3,0,0,3,4,150
1500.0,0,3,0,0,3,4,150
1501.0,0,4,0,0,4,4,150
1502.0,0,4,0,0,4,4,150
1503.0,0,4,0,0,4,4,150
1504.0,0,4,1,0,5,4,150
1505.0,0,4,0,0,4,4,150
1506.0,0,4,0,0,4,4,150
1507.0,0,4,0,0,4,4,150
1508.0,0,4,0,0,4,5,150
1509.0,0,4,0,0,4,5,150
1510.0,0,4,0,0,4,5,150
1511.0,0,4,0,0,4,6,151
1512.0,0,4,0,0,4,6,151
1513.0,0,4,0,0,4,6,151
1514.0,0,4,0,0,4,6,151
1515.0,0,4,0,1,5,6,151
1516.0,0,4,0,1,5,7,151
1517.0,0,4,0,1,5,7,151
1518.0,0,4,2,1,7,7,151
1519.0,0,1,1,1,3,0,152
1520.0,0,0,1,1,2,0,152
1521.0,0,0,1,1,2,0,152
1522.0,0,0,2,1,3,0,152
1523.0,0,0,3,1,4,0,152
1524.0,0,0,3,1,4,1,152
1525.0,0,0,4,1,5,1,152
1526.0,0,0,3,1,4,1,152
1527.0,0,0,3,1,4,2,153
1528.0,0,0,3,1,4,2,153
1529.0,0,0,3,2,5,2,153
1530.0,0,0,4,2,6,2,153
1531.0,0,0,4,2,6,2,153
1532.0,0,0,6,2,8,3,153
1533.0,0,0,7,2,9,3,153
1534.0,0,0,7,2,9,3,153
1535.0,0,0,5,0,5,4,154
1536.0,0,0,4,1,5,4,154
1537.0,0,0,2,0,2,4,154
1538.0,0,0,2,0,2,4,154
1539.0,0,0,0,0,0,4,154
1540.0,0,0,0,0,0,4,154
1541.0,0,0,0,0,0,4,154
1542.0,0,0,0,0,0,4,154
1543.0,0,0,0,0,0,4,154
1544.0,0,0,0,1,1,4,154
1545.0,0,0,0,0,0,4,154
1546.0,0,0,0,0,0,5,154
1547.0,0,0,0,1,1,5,154
1548.0,0,0,0,0,0,5,154
1549.0,1,0,0,0,1,6,155
1550.0,0,0,0,0,0,6,155
1551.0,0,0,0,0,0,6,155
1552.0,0,0,0,0,0,6,155
1553.0,0,0,0,0,0,6,155
1554.0,0,0,0,2,2,7,155
1555.0,0,0,1,1,2,7,155
1556.0,0,0,1,2,3,7,155
1557.0,0,0,1,3,4,0,156
1558.0,0,0,1,4,5,0,156
1559.0,0,0,1,6,7,0,156
1560.0,0,0,1,5,6,0,156
1561.0,0,1,1,5,7,0,156
1562.0,0,0,1,6,7,1,156
1563.0,0,0,1,6,7,1,156
1564.0,0,0,1,8,9,1,156
1565.0,0,0,1,7,8,2,157
1566.0,0,0,1,7,8,2,157
1567.0,0,0,1,7,8,2,157
1568.0,0,0,1,8,9,2,157
1569.0,0,0,1,9,10,2,157
1570.0,0,0,2,8,10,2,157
1571.0,2,0,1,9,12,2,157
1572.0,1,0,1,9,11,3,157
1573.0,1,0,1,9,11,3,157
1574.0,2,0,1,10,13,3,157
1575.0,1,0,0,7,8,4,158
1576.0,1,0,0,5,6,4,158
1577.0,2,0,0,4,6,4,158
1578.0,1,0,0,2,3,4,158
1579.0,1,1,0,0,2,4,158
1580.0,1,1,0,0,2,4,158
1581.0,1,2,0,0,3,4,158
1582.0,1,1,0,0,2,4,158
1583.0,1,1,0,0,2,4,158
1584.0,1,1,0,1,3,4,158
1585.0,1,1,0,0,2,4,158
1586.0,2,1,0,0,3,4,158
1587.0,1,1,0,0,2,4,158
1588.0,1,1,0,0,2,5,158
1589.0,1,2,0,0,3,5,158
1590.0,1,1,0,0,2,5,158
1591.0,1,1,0,0,2,6,159
1592.0,1,2,0,0,3,6,159
1593.0,1,2,0,0,3,6,159
1594.0,1,2,0,0,3,6,159
1595.0,3,2,0,0,5,6,159
1596.0,3,3,0,1,7,7,159
1597.0,3,2,1,1,7,7,159
1598.0,3,2,1,1,7,7,159
1599.0,2,1,1,1,5,0,160
1600.0,1,0,1,1,3,0,160
1601.0,0,0,1,1,2,0,160
1602.0,0,0,1,1,2,0,160
1603.0,0,0,1,1,2,0,160
1604.0,0,0,1,1,2,0,160
1605.0,0,0,1,1,2,0,160
1606.0,0,0,1,2,3,0,160
1607.0,0,0,1,1,2,0,160
1608.0,0,0,1,1,2,1,160
1609.0,0,0,1,1,2,1,160
1610.0,0,0,1,1,2,1,160
1611.0,0,0,2,1,3,2,161
1612.0,0,0,2,1,3,2,161
1613.0,0,0,2,2,4,2,161
1614.0,0,0,3,2,5,2,161
1615.0,0,0,3,2,5,2,161
1616.0,1,0,4,2,7,3,161
1617.0,0,0,5,2,7,3,161
1618.0,0,0,5,3,8,3,161
1619.0,1,0,3,1,5,4,162
1620.0,0,0,1,0,1,4,162
1621.0,0,0,0,0,0,4,162
1622.0,0,0,0,0,0,4,162
1623.0,0,0,0,0,0,4,162
1624.0,0,2,0,0,2,4,162
1625.0,0,1,0,0,1,4,162
1626.0,0,1,0,0,1,4,162
1627.0,0,1,0,0,1,4,162
1628.0,0,1,0,0,1,4,162
1629.0,0,2,0,0,2,4,162
1630.0,0,1,0,0,1,4,162
1631.0,0,1,0,1,2,4,162
1632.0,0,1,0,0,1,4,162
1633.0,0,1,0,0,1,4,162
1634.0,0,1,0,0,1,4,162
1635.0,0,1,0,0,1,4,162
1636.0,0,2,0,0,2,4,162
1637.0,0,1,0,0,1,4,162
1638.0,0,1,0,0,1,4,162
1639.0,0,1,0,0,1,4,162
1640.0,1,2,0,0,3,4,162
1641.0,1,3,0,0,4,4,162
1642.0,2,4,0,0,6,4,162
1643.0,2,4,0,0,6,4,162
1644.0,2,4,0,0,6,4,162
1645.0,2,4,1,0,7,4,162
1646.0,2,4,0,0,6,4,162
1647.0,2,4,0,0,6,4,162
1648.0,2,4,0,0,6,4,162
1649.0,2,4,0,0,6,4,162
1650.0,2,4,0,0,6,4,162
1651.0,2,4,0,1,7,5,162
1652.0,2,4,0,0,6,5,162
1653.0,2,4,0,0,6,5,162
1654.0,2,4,0,0,6,6,163
1655.0,2,5,1,0,8,6,163
1656.0,2,4,1,0,7,6,163
1657.0,2,4,1,0,7,6,163
1658.0,2,4,1,0,7,6,163
1659.0,2,4,1,0,7,7,163
1660.0,2,4,1,0,7,7,163
1661.0,2,5,1,0,8,7,163
1662.0,1,2,1,1,5,0,164
1663.0,0,2,1,1,4,0,164
1664.0,0,2,2,2,6,0,164
1665.0,0,1,3,1,5,0,164
1666.0,0,1,3,1,5,0,164
1667.0,0,1,3,2,6,0,164
1668.0,0,0,3,1,4,0,164
1669.0,1,0,3,1,5,0,164
1670.0,0,0,4,1,5,0,164
1671.0,0,0,4,1,5,0,164
1672.0,0,0,4,1,5,0,164
1673.0,0,0,4,1,5,0,164
1674.0,0,0,4,3,7,0,164
1675.0,0,0,4,2,6,0,164
1676.0,0,0,5,2,7,0,164
1677.0,0,0,5,2,7,1,164
1678.0,0,0,5,2,7,1,164
1679.0,0,0,5,2,7,1,164
1680.0,0,0,5,3,8,2,165
1681.0,0,0,6,3,9,2,165
1682.0,0,0,5,3,8,2,165
1683.0,0,0,5,3,8,2,165
1684.0,0,0,5,5,10,2,165
1685.0,0,0,5,5,10,3,165
1686.0,0,0,5,5,10,3,165
1687.0,0,0,5,5,10,3,165
1688.0,0,0,3,3,6,4,166
1689.0,0,1,1,0,2,4,166
1690.0,0,0,0,0,0,4,166
1691.0,0,0,0,0,0,4,166
1692.0,0,0,0,0,0,4,166
1693.0,0,0,0,0,0,4,166
1694.0,0,0,0,1,1,4,166
1695.0,0,0,0,0,0,4,166
1696.0,1,0,0,0,1,4,166
1697.0,1,0,0,0,1,4,166
1698.0,1,0,0,0,1,4,166
1699.0,1,0,0,1,2,5,166
1700.0,1,2,0,0,3,5,166
1701.0,1,3,0,0,4,5,166
1702.0,1,2,0,0,3,6,167
1703.0,1,2,0,0,3,6,167
1704.0,1,2,0,0,3,6,167
1705.0,1,2,0,1,4,6,167
1706.0,1,2,0,1,4,6,167
1707.0,1,2,0,1,4,7,167
1708.0,1,2,0,1,4,7,167
1709.0,1,2,0,1,4,7,167
1710.0,0,0,0,2,2,0,168
1711.0,0,0,0,3,3,0,168
1712.0,0,0,0,3,3,0,168
1713.0,0,0,0,3,3,0,168
1714.0,0,0,0,3,3,0,168
1715.0,0,0,0,3,3,1,168
1716.0,0,1,1,3,5,1,168
1717.0,0,0,1,3,4,1,168
1718.0,0,0,3,3,6,2,169
1719.0,0,0,3,4,7,2,169
1720.0,0,0,3,3,6,2,169
1721.0,0,0,3,3,6,2,169
1722.0,0,0,4,3,7,2,169
1723.0,0,0,4,3,7,2,169
1724.0,0,0,4,4,8,2,169
1725.0,0,0,5,3,8,2,169
1726.0,0,1,5,3,9,3,169
1727.0,0,0,5,3,8,3,169
1728.0,0,0,5,3,8,3,169
1729.0,0,0,3,2,5,4,170
1730.0,0,0,2,1,3,4,170
1731.0,0,1,1,0,2,4,170
1732.0,0,0,0,0,0,4,170
1733.0,0,1,0,0,1,4,170
1734.0,0,2,0,0,2,4,170
1735.0,0,1,0,0,1,4,170
1736.0,1,1,0,0,2,4,170
1737.0,0,1,0,0,1,4,170
1738.0,0,1,0,0,1,4,170
1739.0,0,2,1,0,3,5,170
1740.0,0,2,0,0,2,5,170
1741.0,0,2,0,0,2,5,170
1742.0,0,2,0,0,2,6,171
1743.0,0,4,0,0,4,6,171
1744.0,1,3,0,0,4,6,171
1745.0,0,3,0,0,3,6,171
1746.0,0,3,1,1,5,6,171
1747.0,0,3,0,1,4,7,171
1748.0,0,3,0,1,4,7,171
1749.0,0,3,0,2,5,7,171
1750.0,0,2,1,1,4,0,172
1751.0,0,2,2,1,5,0,172
1752.0,0,1,1,1,3,0,172
1753.0,0,0,1,1,2,0,172
1754.0,0,0,1,1,2,0,172
1755.0,0,0,1,1,2,0,172
1756.0,0,0,1,1,2,0,172
1757.0,0,0,1,1,2,0,172
1758.0,0,0,2,1,3,0,172
1759.0,0,0,2,1,3,0,172
1760.0,0,0,2,2,4,1,172
1761.0,1,0,3,2,6,1,172
1762.0,0,0,3,2,5,1,172
1763.0,0,0,3,2,5,2,173
1764.0,0,0,3,3,6,2,173
1765.0,0,0,3,2,5,2,173
1766.0,0,0,3,2,5,2,173
1767.0,0,0,3,2,5,2,173
1768.0,0,0,3,2,5,3,173
1769.0,0,0,3,2,5,3,173
1770.0,0,0,3,2,5,3,173
1771.0,0,0,1,0,1,4,174
1772.0,0,0,0,0,0,4,174
1773.0,0,0,0,0,0,4,174
1774.0,0,0,0,1,1,4,174
1775.0,0,0,0,0,0,4,174
1776.0,0,1,0,0,1,5,174
1777.0,0,0,0,0,0,5,174
1778.0,0,0,0,0,0,5,174
1779.0,1,0,0,0,1,6,175
1780.0,0,0,0,0,0,6,175
1781.0,0,0,0,1,1,6,175
1782.0,0,0,0,0,0,6,175
1783.0,0,0,0,0,0,6,175
1784.0,0,0,0,0,0,7,175
1785.0,1,1,0,0,2,7,175
1786.0,1,1,0,2,4,7,175
1787.0,0,0,0,1,1,0,176
1788.0,0,0,1,1,2,0,176
1789.0,0,0,1,1,2,0,176
1790.0,0,0,1,2,3,0,176
1791.0,0,0,1,2,3,0,176
1792.0,0,0,1,2,3,0,176
1793.0,0,0,1,3,4,0,176
1794.0,0,0,1,4,5,1,176
1795.0,0,0,2,4,6,1,176
1796.0,0,0,2,5,7,1,176
1797.0,0,0,2,6,8,2,177
1798.0,0,0,2,5,7,2,177
1799.0,0,0,2,5,7,2,177
1800.0,0,0,2,5,7,2,177
1801.0,0,1,2,5,8,2,177
1802.0,1,0,2,5,8,3,177
1803.0,1,0,2,5,8,3,177
1804.0,1,0,2,7,10,3,177
1805.0,1,0,1,4,6,4,178
1806.0,1,0,1,3,5,4,178
1807.0,1,0,0,1,2,4,178
1808.0,1,0,0,0,1,4,178
1809.0,1,0,0,0,1,4,178
1810.0,1,1,0,0,2,4,178
1811.0,1,1,0,0,2,4,178
1812.0,1,2,0,0,3,4,178
1813.0,1,2,0,0,3,4,178
1814.0,1,2,1,0,4,4,178
1815.0,1,2,0,0,3,4,178
1816.0,1,2,0,0,3,4,178
1817.0,1,2,0,0,3,4,178
1818.0,1,2,0,0,3,4,178
1819.0,2,2,0,0,4,4,178
1820.0,1,2,0,0,3,4,178
1821.0,1,2,0,0,3,4,178
1822.0,1,2,0,0,3,4,178
1823.0,1,2,0,0,3,4,178
1824.0,1,4,0,0,5,5,178
1825.0,1,3,0,0,4,5,178
1826.0,1,3,0,0,4,5,178
1827.0,1,3,0,0,4,6,179
1828.0,1,3,0,0,4,6,179
1829.0,1,4,0,0,5,6,179
1830.0,1,3,0,0,4,6,179
1831.0,1,3,1,0,5,6,179
1832.0,1,3,0,0,4,7,179
1833.0,1,3,1,0,5,7,179
1834.0,1,3,2,0,6,7,179
1835.0,0,1,1,0,2,0,180
1836.0,0,0,1,0,1,0,180
1837.0,0,0,1,0,1,0,180
1838.0,0,0,1,0,1,0,180
1839.0,0,0,1,0,1,0,180
1840.0,0,0,1,0,1,0,180
1841.0,0,0,2,0,2,1,180
1842.0,0,0,2,0,2,1,180
1843.0,0,0,2,0,2,1,180
1844.0,0,0,2,0,2,2,181
1845.0,0,0,3,0,3,2,181
1846.0,0,0,4,0,4,2,181
1847.0,0,0,3,0,3,2,181
1848.0,0,0,3,1,4,2,181
1849.0,0,1,3,2,6,3,181
1850.0,0,0,4,2,6,3,181
1851.0,0,0,4,2,6,3,181
1852.0,0,0,2,1,3,4,182
1853.0,0,0,0,0,0,4,182
1854.0,0,0,1,0,1,4,182
1855.0,0,0,0,0,0,4,182
1856.0,0,0,0,0,0,4,182
1857.0,0,0,0,0,0,4,182
1858.0,0,0,0,0,0,4,182
1859.0,0,1,0,0,1,4,182
1860.0,0,0,0,0,0,5,182
1861.0,1,1,0,0,2,5,182
1862.0,0,1,0,0,1,5,182
1863.0,0,1,0,0,1,6,183
1864.0,1,1,0,0,2,6,183
1865.0,0,1,1,0,2,6,183
1866.0,0,1,1,0,2,6,183
1867.0,0,1,1,0,2,6,183
1868.0,0,1,1,0,2,7,183
1869.0,1,1,1,0,3,7,183
1870.0,0,2,1,1,4,7,183
1871.0,0,0,1,1,2,0,184
1872.0,0,0,1,1,2,0,184
1873.0,0,0,1,1,2,0,184
1874.0,0,0,1,1,2,0,184
1875.0,0,0,1,1,2,0,184
1876.0,0,0,1,1,2,1,184
1877.0,0,0,1,1,2,1,184
1878.0,0,0,1,1,2,1,184
1879.0,0,0,2,1,3,2,185
1880.0,0,0,1,2,3,2,185
1881.0,0,0,1,2,3,2,185
1882.0,0,0,1,2,3,2,185
1883.0,0,0,1,2,3,2,185
1884.0,1,0,1,2,4,3,185
1885.0,1,1,1,2,5,3,185
1886.0,1,1,2,2,6,3,185
1887.0,2,1,0,0,3,4,186
1888.0,2,1,0,0,3,4,186
1889.0,2,2,0,0,4,4,186
1890.0,3,1,0,0,4,4,186
1891.0,3,1,0,0,4,4,186
1892.0,3,1,0,0,4,4,186
1893.0,3,1,0,0,4,4,186
1894.0,3,1,0,0,4,4,186
1895.0,3,1,0,0,4,4,186
1896.0,3,1,0,0,4,5,186
1897.0,3,2,0,0,5,5,186
1898.0,3,1,0,0,4,5,186
1899.0,3,1,1,0,5,6,187
1900.0,3,1,0,0,4,6,187
1901.0,4,2,0,0,6,6,187
1902.0,3,2,0,0,5,6,187
1903.0,3,2,0,0,5,6,187
1904.0,3,3,0,0,6,7,187
1905.0,3,3,0,0,6,7,187
1906.0,3,4,0,0,7,7,187
1907.0,2,2,0,0,4,0,188
1908.0,1,0,0,0,1,0,188
1909.0,0,0,0,0,0,0,188
1910.0,0,0,0,1,1,0,188
1911.0,0,0,1,1,2,0,188
1912.0,0,0,1,1,2,1,188
1913.0,0,0,1,1,2,1,188
1914.0,0,0,1,1,2,1,188
1915.0,0,0,2,1,3,2,189
1916.0,0,1,2,1,4,2,189
1917.0,1,0,2,2,5,2,189
1918.0,1,0,2,3,6,2,189
1919.0,1,0,2,2,5,2,189
1920.0,1,0,2,2,5,3,189
1921.0,1,0,2,2,5,3,189
1922.0,1,0,2,2,5,3,189
1923.0,1,0,1,1,3,4,190
1924.0,2,1,0,0,3,4,190
1925.0,2,0,0,0,2,4,190
1926.0,2,0,0,0,2,4,190
1927.0,2,0,0,0,2,4,190
1928.0,2,1,0,0,3,4,190
1929.0,2,1,0,0,3,4,190
1930.0,2,1,0,0,3,4,190
1931.0,2,1,0,0,3,4,190
1932.0,2,2,0,0,4,5,190
1933.0,2,2,0,0,4,5,190
1934.0,2,2,0,1,5,5,190
1935.0,2,3,0,0,5,6,191
1936.0,2,5,0,0,7,6,191
1937.0,2,4,0,0,6,6,191
1938.0,2,4,0,0,6,6,191
1939.0,2,4,0,1,7,6,191
1940.0,2,4,0,0,6,7,191
1941.0,2,4,0,0,6,7,191
1942.0,2,4,0,0,6,7,191
1943.0,0,3,0,0,3,0,192
1944.0,1,2,0,1,4,0,192
1945.0,0,2,0,1,3,0,192
1946.0,0,1,0,1,2,0,192
1947.0,0,1,0,1,2,0,192
1948.0,0,1,0,1,2,0,192
1949.0,0,0,0,2,2,0,192
1950.0,0,1,0,1,2,0,192
1951.0,0,1,0,2,3,0,192
1952.0,0,1,1,2,4,0,192
1953.0,0,0,1,2,3,0,192
1954.0,0,0,1,2,3,0,192
1955.0,0,0,1,2,3,0,192
1956.0,0,0,1,2,3,0,192
1957.0,0,0,1,2,3,0,192
1958.0,0,0,1,3,4,0,192
1959.0,0,1,1,2,4,1,192
1960.0,0,0,1,3,4,1,192
1961.0,0,0,1,3,4,1,192
1962.0,0,0,1,3,4,2,193
1963.0,0,0,1,4,5,2,193
1964.0,1,0,1,5,7,2,193
1965.0,0,0,1,5,6,2,193
1966.0,0,0,2,5,7,2,193
1967.0,0,0,1,5,6,2,193
1968.0,0,0,1,6,7,2,193
1969.0,0,0,1,6,7,2,193
1970.0,1,0,1,6,8,3,193
1971.0,1,0,1,5,7,3,193
1972.0,1,0,1,5,7,3,193
1973.0,1,0,0,3,4,4,194
1974.0,1,0,0,1,2,4,194
1975.0,1,0,0,0,1,4,194
1976.0,1,0,0,0,1,4,194
1977.0,1,0,0,0,1,4,194
1978.0,1,0,0,0,1,4,194
1979.0,1,0,0,0,1,4,194
1980.0,1,0,0,0,1,4,194
1981.0,1,1,0,0,2,5,194
1982.0,1,0,0,0,1,5,194
1983.0,1,0,0,0,1,5,194
1984.0,1,0,0,0,1,6,195
1985.0,1,0,0,0,1,6,195
1986.0,1,0,0,0,1,6,195
1987.0,2,0,0,0,2,6,195
1988.0,2,0,1,0,3,6,195
1989.0,2,0,1,2,5,7,195
1990.0,2,0,1,1,4,7,195
1991.0,2,0,1,1,4,7,195
1992.0,0,0,2,1,3,0,196
1993.0,0,0,2,1,3,0,196
1994.0,0,1,3,1,5,0,196
1995.0,0,0,3,1,4,0,196
1996.0,1,0,3,1,5,0,196
1997.0,0,0,3,1,4,0,196
1998.0,0,0,3,1,4,0,196
1999.0,0,0,3,3,6,1,196
2000.0,0,0,3,2,5,1,196
2001.0,0,1,3,2,6,1,196
2002.0,0,0,3,2,5,2,197
2003.0,0,0,3,2,5,2,197
2004.0,0,0,4,2,6,2,197
2005.0,0,0,4,2,6,2,197
2006.0,0,0,4,2,6,2,197
2007.0,0,0,4,2,6,3,197
2008.0,0,0,4,2,6,3,197
2009.0,0,0,5,3,8,3,197
2010.0,0,0,2,1,3,4,198
2011.0,1,0,1,0,2,4,198
2012.0,0,0,0,0,0,4,198
2013.0,0,1,0,0,1,4,198
2014.0,0,2,0,0,2,4,198
2015.0,0,2,0,0,2,4,198
2016.0,0,2,0,0,2,4,198
2017.0,0,2,0,0,2,4,198
2018.0,0,2,0,0,2,4,198
2019.0,0,2,1,0,3,4,198
2020.0,1,2,0,0,3,4,198
2021.0,1,2,0,0,3,4,198
2022.0,1,2,0,0,3,4,198
2023.0,1,2,0,0,3,4,198
2024.0,1,2,0,1,4,4,198
2025.0,1,2,0,0,3,4,198
2026.0,1,2,0,0,3,4,198
2027.0,1,2,0,0,3,4,198
2028.0,1,2,0,0,3,4,198
2029.0,1,2,0,0,3,5,198
2030.0,1,2,0,0,3,5,198
2031.0,2,4,0,0,6,5,198
2032.0,2,3,0,0,5,6,199
2033.0,2,3,0,0,5,6,199
2034.0,3,3,0,1,7,6,199
2035.0,2,3,0,1,6,6,199
2036.0,2,4,0,1,7,6,199
2037.0,2,3,0,1,6,7,199
2038.0,2,3,0,1,6,7,199
2039.0,3,3,0,1,7,7,199
2040.0,0,0,0,1,1,0,200
2041.0,0,0,0,1,1,0,200
2042.0,0,0,1,1,2,0,200
2043.0,0,0,1,1,2,0,200
2044.0,1,0,2,1,4,0,200
2045.0,0,0,2,1,3,0,200
2046.0,0,0,2,1,3,0,200
2047.0,0,0,2,1,3,1,200
2048.0,0,0,2,1,3,1,200
2049.0,0,0,2,3,5,1,200
2050.0,0,1,2,3,6,2,201
2051.0,0,0,3,3,6,2,201
2052.0,0,0,4,3,7,2,201
2053.0,0,0,3,3,6,2,201
2054.0,0,0,4,3,7,2,201
2055.0,0,0,4,3,7,3,201
2056.0,1,0,4,3,8,3,201
2057.0,1,0,4,3,8,3,201
2058.0,1,0,2,0,3,4,202
2059.0,1,0,0,0,1,4,202
2060.0,1,0,0,0,1,4,202
2061.0,2,1,0,0,3,4,202
2062.0,2,1,1,0,4,4,202
2063.0,3,1,0,0,4,4,202
2064.0,3,1,0,0,4,4,202
2065.0,3,1,0,0,4,4,202
2066.0,3,2,0,0,5,4,202
2067.0,3,1,0,0,4,4,202
2068.0,3,1,0,0,4,4,202
2069.0,3,2,0,0,5,4,202
2070.0,3,1,0,0,4,4,202
2071.0,3,1,0,0,4,4,202
2072.0,3,1,0,0,4,4,202
2073.0,3,1,0,0,4,4,202
2074.0,4,1,0,0,5,4,202
2075.0,3,1,0,0,4,4,202
2076.0,3,2,0,0,5,4,202
2077.0,3,2,0,0,5,5,202
2078.0,3,2,1,0,6,5,202
2079.0,3,2,0,0,5,5,202
2080.0,3,3,0,0,6,6,203
2081.0,3,3,1,0,7,6,203
2082.0,3,3,1,0,7,6,203
2083.0,3,3,1,0,7,6,203
2084.0,3,3,2,0,8,6,203
2085.0,3,3,2,0,8,6,203
2086.0,3,3,2,0,8,6,203
2087.0,3,3,2,0,8,6,203
2088.0,3,3,2,0,8,7,203
2089.0,3,3,3,0,9,7,203
2090.0,3,3,2,0,8,7,203
2091.0,2,1,2,0,5,0,204
2092.0,1,0,2,0,3,0,204
2093.0,0,0,2,0,2,0,204
2094.0,0,1,2,0,3,0,204
2095.0,0,0,3,0,3,0,204
2096.0,0,0,3,0,3,0,204
2097.0,0,0,3,0,3,0,204
2098.0,0,0,4,0,4,0,204
2099.0,0,1,4,0,5,0,204
2100.0,0,0,4,0,4,0,204
2101.0,0,0,5,0,5,0,204
2102.0,0,0,5,0,5,0,204
2103.0,0,0,5,0,5,0,204
2104.0,0,0,7,0,7,0,204
2105.0,0,0,6,0,6,1,204
2106.0,0,1,6,0,7,1,204
2107.0,0,0,6,0,6,1,204
2108.0,0,0,6,0,6,2,205
2109.0,0,0,6,0,6,2,205
2110.0,0,0,6,0,6,2,205
2111.0,0,0,6,1,7,2,205
2112.0,0,0,6,0,6,2,205
2113.0,0,0,6,0,6,2,205
2114.0,0,0,6,1,7,2,205
2115.0,0,0,6,1,7,2,205
2116.0,0,1,6,1,8,2,205
2117.0,0,0,6,1,7,2,205
2118.0,0,0,6,1,7,3,205
2119.0,0,0,6,1,7,3,205
2120.0,0,0,6,1,7,3,205
2121.0,0,0,5,1,6,4,206
2122.0,0,0,2,0,2,4,206
2123.0,0,0,1,0,1,4,206
2124.0,1,0,0,0,1,4,206
2125.0,0,0,0,0,0,4,206
2126.0,0,0,0,0,0,4,206
2127.0,0,0,0,0,0,4,206
2128.0,0,0,0,0,0,4,206
2129.0,0,0,0,1,1,4,206
2130.0,0,0,0,0,0,4,206
2131.0,0,0,1,0,1,4,206
2132.0,0,0,0,0,0,4,206
2133.0,0,0,0,0,0,4,206
2134.0,0,1,0,0,1,5,206
2135.0,0,0,0,0,0,5,206
2136.0,0,0,0,0,0,5,206
2137.0,0,0,0,0,0,6,207
2138.0,0,0,0,0,0,6,207
2139.0,0,0,0,0,0,6,207
2140.0,0,0,0,0,0,6,207
2141.0,0,0,0,0,0,6,207
2142.0,0,0,0,0,0,7,207
2143.0,0,0,0,0,0,7,207
2144.0,0,1,1,0,2,7,207
2145.0,0,0,0,0,0,0,208
2146.0,0,0,1,0,1,0,208
2147.0,0,1,1,0,2,0,208
2148.0,0,0,1,0,1,0,208
2149.0,0,0,1,0,1,0,208
2150.0,0,1,1,0,2,1,208
2151.0,0,0,2,0,2,1,208
2152.0,0,0,2,0,2,1,208
2153.0,0,0,2,1,3,2,209
2154.0,1,1,2,1,5,2,209
2155.0,0,1,2,1,4,2,209
2156.0,0,1,2,1,4,2,209
2157.0,0,1,2,1,4,2,209
2158.0,0,1,2,1,4,3,209
2159.0,1,2,2,2,7,3,209
2160.0,0,2,2,2,6,3,209
2161.0,0,3,1,0,4,4,210
2162.0,0,3,0,0,3,4,210
2163.0,0,3,0,0,3,4,210
2164.0,0,3,0,0,3,4,210
2165.0,0,3,0,0,3,4,210
2166.0,0,3,0,0,3,5,210
2167.0,0,3,0,0,3,5,210
2168.0,0,3,1,0,4,5,210
2169.0,0,3,1,0,4,6,211
2170.0,0,4,1,0,5,6,211
2171.0,0,4,1,1,6,6,211
2172.0,0,4,1,0,5,6,211
2173.0,0,4,1,0,5,6,211
2174.0,1,4,1,0,6,7,211
2175.0,0,4,1,0,5,7,211
2176.0,0,4,1,0,5,7,211
2177.0,0,2,1,0,3,0,212
2178.0,0,1,1,1,3,0,212
2179.0,0,0,1,1,2,0,212
2180.0,0,0,1,1,2,0,212
2181.0,0,0,1,1,2,0,212
2182.0,0,0,2,2,4,1,212
2183.0,0,0,1,2,3,1,212
2184.0,0,0,1,3,4,1,212
2185.0,0,1,1,2,4,2,213
2186.0,0,1,1,2,4,2,213
2187.0,0,2,1,2,5,2,213
2188.0,0,1,1,2,4,2,213
2189.0,0,1,2,3,6,2,213
2190.0,0,1,2,2,5,3,213
2191.0,0,1,2,2,5,3,213
2192.0,0,2,3,2,7,3,213
2193.0,0,3,1,0,4,4,214
2194.0,0,3,0,0,3,4,214
2195.0,0,3,0,0,3,4,214
2196.0,0,4,0,0,4,4,214
2197.0,1,4,0,0,5,4,214
2198.0,1,4,0,0,5,4,214
2199.0,1,5,0,0,6,5,214
2200.0,1,4,0,0,5,5,214
2201.0,1,5,0,0,6,5,214
2202.0,1,4,0,0,5,6,215
2203.0,1,4,0,0,5,6,215
2204.0,1,4,0,0,5,6,215
2205.0,1,4,0,0,5,6,215
2206.0,1,5,0,0,6,6,215
2207.0,1,5,0,0,6,7,215
2208.0,1,6,0,0,7,7,215
2209.0,1,7,1,0,9,7,215
2210.0,0,4,0,0,4,0,216
2211.0,1,3,0,0,4,0,216
2212.0,0,1,0,0,1,0,216
2213.0,0,0,0,0,0,0,216
2214.0,1,0,0,0,1,0,216
2215.0,0,0,0,0,0,0,216
2216.0,0,1,1,0,2,0,216
2217.0,0,0,1,0,1,0,216
2218.0,0,0,1,1,2,0,216
2219.0,0,0,1,1,2,0,216
2220.0,0,0,1,1,2,0,216
2221.0,0,0,1,2,3,0,216
2222.0,0,0,1,1,2,1,216
2223.0,0,0,1,1,2,1,216
2224.0,0,1,1,1,3,1,216
2225.0,0,0,2,1,3,2,217
2226.0,0,0,2,1,3,2,217
2227.0,0,0,2,1,3,2,217
2228.0,0,0,3,1,4,2,217
2229.0,0,1,4,1,6,2,217
2230.0,0,0,4,1,5,2,217
2231.0,0,1,5,1,7,2,217
2232.0,0,0,4,2,6,2,217
2233.0,0,0,4,2,6,2,217
2234.0,0,1,4,2,7,2,217
2235.0,1,0,5,2,8,3,217
2236.0,2,0,5,2,9,3,217
2237.0,1,0,5,2,8,3,217
2238.0,1,0,2,1,4,4,218
2239.0,1,0,0,1,2,4,218
2240.0,1,0,0,0,1,4,218
2241.0,1,1,0,0,2,4,218
2242.0,1,2,0,0,3,4,218
2243.0,1,2,0,0,3,5,218
2244.0,2,2,0,0,4,5,218
2245.0,1,3,0,0,4,5,218
2246.0,1,3,0,0,4,6,219
2247.0,1,3,0,0,4,6,219
2248.0,1,3,0,0,4,6,219
2249.0,2,3,0,1,6,6,219
2250.0,1,3,0,1,5,6,219
2251.0,1,3,0,1,5,7,219
2252.0,1,4,0,1,6,7,219
2253.0,1,4,0,1,6,7,219
2254.0,0,3,0,1,4,0,220
2255.0,0,1,0,1,2,0,220
2256.0,0,0,0,2,2,0,220
2257.0,0,0,1,1,2,0,220
2258.0,0,0,1,1,2,0,220
2259.0,0,0,2,1,3,1,220
2260.0,0,0,1,1,2,1,220
2261.0,0,0,1,1,2,1,220
2262.0,0,0,1,1,2,2,221
2263.0,0,0,1,1,2,2,221
2264.0,0,0,1,1,2,2,221
2265.0,0,0,1,1,2,2,221
2266.0,0,1,1,2,4,2,221
2267.0,1,0,2,2,5,3,221
2268.0,1,0,1,2,4,3,221
2269.0,2,0,1,2,5,3,221
2270.0,1,0,1,0,2,4,222
2271.0,2,0,0,0,2,4,222
2272.0,2,0,0,0,2,4,222
2273.0,2,0,0,0,2,4,222
2274.0,2,1,0,0,3,4,222
2275.0,2,0,0,0,2,4,222
2276.0,2,0,0,1,3,4,222
2277.0,2,1,0,0,3,4,222
2278.0,2,1,0,0,3,4,222
2279.0,2,1,0,0,3,5,222
2280.0,2,1,0,0,3,5,222
2281.0,2,2,0,0,4,5,222
2282.0,2,1,0,0,3,6,223
2283.0,2,1,0,0,3,6,223
2284.0,2,2,0,0,4,6,223
2285.0,2,2,0,0,4,6,223
2286.0,2,2,0,0,4,6,223
2287.0,2,2,0,1,5,7,223
2288.0,2,2,0,1,5,7,223
2289.0,2,2,0,1,5,7,223
2290.0,0,1,0,1,2,0,224
2291.0,0,0,0,1,1,0,224
2292.0,0,0,0,1,1,0,224
2293.0,0,0,0,1,1,0,224
2294.0,0,0,0,1,1,0,224
2295.0,0,0,0,1,1,1,224
2296.0,0,0,0,1,1,1,224
2297.0,0,0,0,1,1,1,224
2298.0,0,0,0,1,1,2,225
2299.0,1,0,1,1,3,2,225
2300.0,0,0,1,1,2,2,225
2301.0,0,0,1,1,2,2,225
2302.0,0,0,1,1,2,2,225
2303.0,0,0,1,2,3,3,225
2304.0,1,0,1,2,4,3,225
2305.0,0,0,1,2,3,3,225
2306.0,0,0,0,0,0,4,226
2307.0,0,0,0,0,0,4,226
2308.0,0,0,0,0,0,4,226
2309.0,0,0,1,0,1,4,226
2310.0,0,1,0,0,1,4,226
2311.0,0,2,0,0,2,4,226
2312.0,0,1,0,0,1,5,226
2313.0,0,1,0,0,1,5,226
2314.0,0,2,0,0,2,5,226
2315.0,0,2,0,1,3,6,227
2316.0,0,2,0,0,2,6,227
2317.0,0,2,0,0,2,6,227
2318.0,0,2,0,0,2,6,227
2319.0,0,2,0,0,2,6,227
2320.0,0,2,0,0,2,7,227
2321.0,1,3,1,0,5,7,227
2322.0,1,3,1,0,5,7,227
2323.0,0,1,1,1,3,0,228
2324.0,0,0,1,1,2,0,228
2325.0,0,0,1,1,2,0,228
2326.0,0,0,1,3,4,0,228
2327.0,0,0,1,3,4,0,228
2328.0,0,0,1,3,4,1,228
2329.0,0,0,2,3,5,1,228
2330.0,0,0,2,3,5,1,228
2331.0,0,1,2,3,6,2,229
2332.0,0,0,2,4,6,2,229
2333.0,0,0,2,4,6,2,229
2334.0,0,0,2,4,6,2,229
2335.0,0,0,2,4,6,2,229
2336.0,1,0,3,4,8,3,229
2337.0,0,0,3,5,8,3,229
2338.0,0,0,3,5,8,3,229
2339.0,0,1,1,2,4,4,230
2340.0,0,0,0,0,0,4,230
2341.0,0,0,0,0,0,4,230
2342.0,0,0,0,0,0,4,230
2343.0,0,1,0,0,1,4,230
2344.0,0,1,1,0,2,4,230
2345.0,0,1,0,0,1,5,230
2346.0,0,1,0,1,2,5,230
2347.0,0,1,0,0,1,5,230
2348.0,0,1,0,0,1,6,231
2349.0,0,1,0,0,1,6,231
2350.0,0,1,0,0,1,6,231
2351.0,0,2,0,1,3,6,231
2352.0,0,2,0,0,2,6,231
2353.0,0,2,0,0,2,6,231
2354.0,0,3,0,1,4,7,231
2355.0,0,2,0,1,3,7,231
2356.0,0,3,0,2,5,7,231
2357.0,0,1,0,2,3,0,232
2358.0,0,0,0,2,2,0,232
2359.0,0,0,0,2,2,0,232
2360.0,0,0,0,2,2,0,232
2361.0,0,1,1,3,5,0,232
2362.0,0,0,1,3,4,0,232
2363.0,0,0,1,3,4,0,232
2364.0,0,0,1,3,4,0,232
2365.0,0,0,1,3,4,0,232
2366.0,0,0,2,3,5,1,232
2367.0,0,0,1,4,5,1,232
2368.0,0,0,2,4,6,1,232
2369.0,0,0,2,4,6,2,233
2370.0,0,0,2,4,6,2,233
2371.0,1,0,2,4,7,2,233
2372.0,0,0,2,4,6,2,233
2373.0,0,0,2,4,6,2,233
2374.0,1,0,2,4,7,3,233
2375.0,0,0,2,5,7,3,233
2376.0,0,1,3,5,9,3,233
2377.0,0,0,1,3,4,4,234
2378.0,0,0,1,1,2,4,234
2379.0,0,0,0,0,0,4,234
2380.0,0,0,0,0,0,4,234
2381.0,0,1,0,0,1,4,234
2382.0,0,0,0,0,0,5,234
2383.0,0,0,0,0,0,5,234
2384.0,0,0,0,0,0,5,234
2385.0,0,0,0,0,0,6,235
2386.0,0,0,0,1,1,6,235
2387.0,0,0,0,0,0,6,235
2388.0,0,0,0,0,0,6,235
2389.0,0,0,0,0,0,6,235
2390.0,0,0,0,0,0,7,235
2391.0,1,0,0,0,1,7,235
2392.0,0,0,0,0,0,7,235
2393.0,0,0,0,0,0,0,236
2394.0,1,0,0,0,1,0,236
2395.0,0,0,0,0,0,0,236
2396.0,0,0,0,1,1,0,236
2397.0,0,0,1,1,2,0,236
2398.0,0,0,1,1,2,0,236
2399.0,0,0,1,1,2,0,236
2400.0,0,0,1,2,3,1,236
2401.0,0,0,1,3,4,1,236
2402.0,0,0,1,2,3,1,236
2403.0,0,0,1,2,3,2,237
2404.0,0,0,1,3,4,2,237
2405.0,0,0,2,3,5,2,237
2406.0,0,0,2,4,6,2,237
2407.0,0,0,2,4,6,2,237
2408.0,0,0,2,4,6,3,237
2409.0,0,0,2,4,6,3,237
2410.0,0,0,2,5,7,3,237
2411.0,0,0,1,4,5,4,238
2412.0,0,0,0,2,2,4,238
2413.0,1,0,0,0,1,4,238
2414.0,1,0,0,0,1,4,238
2415.0,1,0,0,0,1,4,238
2416.0,1,0,1,0,2,4,238
2417.0,1,0,0,0,1,4,238
2418.0,1,0,0,0,1,4,238
2419.0,2,0,1,0,3,4,238
2420.0,2,0,0,0,2,5,238
2421.0,2,0,0,0,2,5,238
2422.0,2,0,0,0,2,5,238
2423.0,2,0,0,0,2,6,239
2424.0,2,0,0,0,2,6,239
2425.0,2,0,0,0,2,6,239
2426.0,2,0,2,0,4,6,239
2427.0,2,0,1,0,3,6,239
2428.0,2,0,1,0,3,7,239
2429.0,2,1,2,0,5,7,239
2430.0,2,1,2,0,5,7,239
2431.0,0,0,3,0,3,0,240
2432.0,0,0,3,0,3,0,240
2433.0,0,0,3,0,3,0,240
2434.0,0,0,5,1,6,0,240
2435.0,0,0,4,1,5,0,240
2436.0,0,0,4,1,5,0,240
2437.0,0,0,4,1,5,0,240
2438.0,0,0,4,1,5,1,240
2439.0,0,0,4,2,6,1,240
2440.0,0,0,4,1,5,1,240
2441.0,0,0,4,1,5,2,241
2442.0,0,0,4,2,6,2,241
2443.0,0,0,4,1,5,2,241
2444.0,0,0,5,1,6,2,241
2445.0,0,0,5,3,8,2,241
2446.0,0,0,5,2,7,2,241
2447.0,0,0,5,2,7,2,241
2448.0,0,0,5,3,8,2,241
2449.0,0,0,5,3,8,3,241
2450.0,0,0,5,3,8,3,241
2451.0,1,0,5,3,9,3,241
2452.0,0,1,3,1,5,4,242
2453.0,0,0,2,0,2,4,242
2454.0,0,0,2,0,2,4,242
2455.0,0,0,0,0,0,4,242
2456.0,0,0,0,0,0,4,242
2457.0,0,1,0,0,1,4,242
2458.0,0,1,0,0,1,4,242
2459.0,0,1,0,1,2,4,242
2460.0,0,2,0,0,2,4,242
2461.0,0,2,0,0,2,4,242
2462.0,0,2,0,0,2,4,242
2463.0,0,3,0,0,3,4,242
2464.0,0,4,0,0,4,4,242
2465.0,0,3,0,0,3,4,242
2466.0,0,3,0,0,3,4,242
2467.0,0,3,0,0,3,4,242
2468.0,0,3,0,0,3,4,242
2469.0,0,3,0,0,3,4,242
2470.0,0,3,0,0,3,5,242
2471.0,0,3,0,0,3,5,242
2472.0,0,3,0,0,3,5,242
2473.0,0,3,0,0,3,6,243
2474.0,0,3,1,0,4,6,243
2475.0,0,3,0,0,3,6,243
2476.0,0,4,0,1,5,6,243
2477.0,1,4,1,0,6,6,243
2478.0,1,4,1,0,6,7,243
2479.0,1,4,1,0,6,7,243
2480.0,1,4,1,0,6,7,243
2481.0,0,1,1,0,2,0,244
2482.0,0,0,2,0,2,0,244
2483.0,0,0,1,0,1,0,244
2484.0,1,0,2,0,3,0,244
2485.0,0,0,2,0,2,0,244
2486.0,1,0,2,1,4,1,244
2487.0,0,0,3,1,4,1,244
2488.0,0,0,4,1,5,1,244
2489.0,1,0,4,1,6,2,245
2490.0,0,0,4,2,6,2,245
2491.0,0,0,4,3,7,2,245
2492.0,0,0,5,2,7,2,245
2493.0,0,0,5,2,7,2,245
2494.0,0,1,5,3,9,3,245
2495.0,0,0,5,3,8,3,245
2496.0,0,0,5,3,8,3,245
2497.0,0,0,2,1,3,4,246
2498.0,0,0,1,0,1,4,246
2499.0,0,0,0,0,0,4,246
2500.0,0,0,0,0,0,4,246
2501.0,0,0,0,1,1,4,246
2502.0,0,0,0,0,0,4,246
2503.0,0,0,0,0,0,4,246
2504.0,0,1,0,0,1,4,246
2505.0,0,0,0,0,0,5,246
2506.0,1,1,0,0,2,5,246
2507.0,2,1,0,0,3,5,246
2508.0,2,1,0,0,3,6,247
2509.0,2,1,0,0,3,6,247
2510.0,2,1,1,0,4,6,247
2511.0,3,2,1,0,6,6,247
2512.0,3,1,1,0,5,6,247
2513.0,3,1,1,1,6,7,247
2514.0,3,1,1,1,6,7,247
2515.0,3,2,1,1,7,7,247
2516.0,1,1,1,2,5,0,248
2517.0,0,0,1,1,2,0,248
2518.0,0,0,1,1,2,0,248
2519.0,1,0,1,1,3,0,248
2520.0,0,0,1,1,2,0,248
2521.0,0,1,1,1,3,0,248
2522.0,0,0,1,1,2,0,248
2523.0,0,0,1,1,2,1,248
2524.0,0,0,1,1,2,1,248
2525.0,0,0,1,1,2,1,248
2526.0,1,0,1,2,4,2,249
2527.0,0,0,2,2,4,2,249
2528.0,0,0,1,2,3,2,249
2529.0,0,0,1,2,3,2,249
2530.0,0,0,1,3,4,2,249
2531.0,0,1,1,3,5,2,249
2532.0,0,0,1,3,4,2,249
2533.0,0,0,1,3,4,2,249
2534.0,0,0,1,4,5,2,249
2535.0,0,0,2,3,5,2,249
2536.0,0,1,2,3,6,3,249
2537.0,0,0,3,3,6,3,249
2538.0,0,0,3,3,6,3,249
2539.0,0,0,1,1,2,4,250
2540.0,0,0,0,0,0,4,250
2541.0,0,0,0,0,0,4,250
2542.0,1,1,0,0,2,4,250
2543.0,1,1,0,0,2,4,250
2544.0,2,1,0,0,3,4,250
2545.0,1,1,0,0,2,5,250
2546.0,1,1,0,0,2,5,250
2547.0,1,1,0,0,2,5,250
2548.0,1,1,0,0,2,6,251
2549.0,2,1,1,0,4,6,251
2550.0,2,1,0,0,3,6,251
2551.0,3,1,0,0,4,6,251
2552.0,2,1,0,0,3,6,251
2553.0,2,1,0,0,3,7,251
2554.0,3,1,0,0,4,7,251
2555.0,2,1,0,0,3,7,251
2556.0,1,0,0,0,1,0,252
2557.0,0,0,0,0,0,0,252
2558.0,0,0,1,0,1,0,252
2559.0,0,0,1,0,1,0,252
2560.0,0,0,1,0,1,0,252
2561.0,0,1,1,0,2,1,252
2562.0,0,0,2,0,2,1,252
2563.0,0,0,2,0,2,1,252
2564.0,0,0,2,0,2,2,253
2565.0,0,0,2,0,2,2,253
2566.0,0,0,3,0,3,2,253
2567.0,0,0,3,0,3,2,253
2568.0,0,0,4,0,4,2,253
2569.0,0,0,5,0,5,2,253
2570.0,0,0,5,0,5,2,253
2571.0,0,0,5,2,7,2,253
2572.0,2,0,6,1,9,3,253
2573.0,2,0,6,1,9,3,253
2574.0,2,0,7,1,10,3,253
2575.0,2,0,3,0,5,4,254
2576.0,2,0,1,0,3,4,254
2577.0,2,0,1,0,3,4,254
2578.0,3,0,0,0,3,4,254
2579.0,4,0,1,0,5,4,254
2580.0,3,0,1,0,4,4,254
2581.0,4,0,0,0,4,4,254
2582.0,3,0,0,0,3,4,254
2583.0,3,0,0,0,3,4,254
2584.0,3,0,0,0,3,4,254
2585.0,3,0,0,0,3,4,254
2586.0,3,1,0,1,5,4,254
2587.0,3,1,0,0,4,4,254
2588.0,3,1,0,0,4,4,254
2589.0,3,2,0,0,5,5,254
2590.0,3,1,0,0,4,5,254
2591.0,3,1,1,0,5,5,254
2592.0,3,1,0,0,4,6,255
2593.0,3,1,0,0,4,6,255
2594.0,4,1,0,0,5,6,255
2595.0,3,2,0,1,6,6,255
2596.0,4,2,0,1,7,6,255
2597.0,3,3,0,1,7,7,255
2598.0,3,3,0,2,8,7,255
2599.0,3,4,0,2,9,7,255
2600.0,0,2,0,2,4,0,256
2601.0,0,0,1,2,3,0,256
2602.0,0,0,0,2,2,0,256
2603.0,0,0,0,2,2,0,256
2604.0,0,0,0,2,2,0,256
2605.0,0,0,0,2,2,1,256
2606.0,0,0,0,3,3,1,256
2607.0,0,0,0,2,2,1,256
2608.0,0,1,0,2,3,2,257
2609.0,0,2,0,2,4,2,257
2610.0,0,1,0,2,3,2,257
2611.0,0,2,0,2,4,2,257
2612.0,0,1,1,2,4,2,257
2613.0,0,1,1,2,4,2,257
2614.0,0,1,3,3,7,2,257
2615.0,0,1,3,2,6,2,257
2616.0,0,1,3,3,7,2,257
2617.0,1,1,3,5,10,2,257
2618.0,1,1,3,4,9,2,257
2619.0,1,1,3,4,9,2,257
2620.0,1,1,3,5,10,2,257
2621.0,2,1,3,4,10,2,257
2622.0,1,1,3,4,9,3,257
2623.0,1,1,3,5,10,3,257
2624.0,1,1,4,5,11,3,257
2625.0,1,1,1,3,6,4,258
2626.0,2,1,0,2,5,4,258
2627.0,1,1,0,1,3,4,258
2628.0,1,1,0,0,2,4,258
2629.0,1,1,1,0,3,4,258
2630.0,1,1,0,0,2,4,258
2631.0,1,1,0,0,2,4,258
2632.0,1,2,0,0,3,4,258
2633.0,1,2,0,0,3,4,258
2634.0,1,2,1,0,4,4,258
2635.0,1,2,0,0,3,4,258
2636.0,1,2,0,0,3,4,258
2637.0,1,2,0,0,3,4,258
2638.0,1,2,0,0,3,4,258
2639.0,1,2,0,1,4,5,258
2640.0,1,2,0,0,3,5,258
2641.0,1,3,0,0,4,5,258
2642.0,1,2,0,0,3,6,259
2643.0,1,2,0,0,3,6,259
2644.0,2,2,1,0,5,6,259
2645.0,2,2,0,0,4,6,259
2646.0,3,2,1,0,6,6,259
2647.0,2,2,1,0,5,7,259
2648.0,2,2,1,0,5,7,259
2649.0,2,2,1,1,6,7,259
2650.0,0,0,1,0,1,0,260
2651.0,1,0,1,1,3,0,260
2652.0,0,0,1,1,2,0,260
2653.0,0,0,1,1,2,0,260
2654.0,0,0,2,1,3,0,260
2655.0,0,0,2,1,3,1,260
2656.0,0,1,2,1,4,1,260
2657.0,0,0,2,1,3,1,260
2658.0,0,0,2,1,3,2,261
2659.0,0,1,2,1,4,2,261
2660.0,0,0,2,2,4,2,261
2661.0,0,0,2,4,6,2,261
2662.0,0,0,2,3,5,2,261
2663.0,0,0,2,3,5,3,261
2664.0,0,0,3,3,6,3,261
2665.0,0,0,3,3,6,3,261
2666.0,0,0,0,3,3,4,262
2667.0,0,1,0,1,2,4,262
2668.0,0,1,0,0,1,4,262
2669.0,1,1,0,0,2,4,262
2670.0,1,2,0,0,3,4,262
2671.0,1,3,0,0,4,4,262
2672.0,1,2,0,0,3,4,262
2673.0,2,2,0,0,4,4,262
2674.0,2,2,0,1,5,4,262
2675.0,2,2,0,0,4,4,262
2676.0,2,2,0,0,4,4,262
2677.0,2,2,0,0,4,5,262
2678.0,2,2,0,0,4,5,262
2679.0,2,2,0,0,4,5,262
2680.0,2,2,0,0,4,6,263
2681.0,2,3,0,0,5,6,263
2682.0,2,3,1,0,6,6,263
2683.0,2,3,0,0,5,6,263
2684.0,2,4,0,0,6,6,263
2685.0,2,3,0,0,5,7,263
2686.0,2,3,0,1,6,7,263
2687.0,2,3,0,1,6,7,263
2688.0,0,1,0,1,2,0,264
2689.0,0,1,0,1,2,0,264
2690.0,0,0,0,1,1,0,264
2691.0,0,0,1,1,2,0,264
2692.0,0,0,0,1,1,0,264
2693.0,0,0,0,1,1,0,264
2694.0,0,0,1,1,2,0,264
2695.0,0,0,0,1,1,1,264
2696.0,0,0,0,2,2,1,264
2697.0,0,0,0,1,1,1,264
2698.0,0,0,0,1,1,2,265
2699.0,0,0,0,1,1,2,265
2700.0,0,0,0,1,1,2,265
2701.0,0,1,0,1,2,2,265
2702.0,0,0,0,1,1,2,265
2703.0,0,0,0,1,1,3,265
2704.0,0,0,0,1,1,3,265
2705.0,0,0,0,1,1,3,265
2706.0,0,1,0,0,1,4,266
2707.0,0,0,0,0,0,4,266
2708.0,0,0,0,0,0,4,266
2709.0,0,0,0,0,0,4,266
2710.0,0,0,0,0,0,4,266
2711.0,0,2,0,0,2,5,266
2712.0,0,1,0,0,1,5,266
2713.0,0,1,0,0,1,5,266
2714.0,0,2,0,1,3,6,267
2715.0,0,2,0,1,3,6,267
2716.0,0,2,0,2,4,6,267
2717.0,0,2,0,1,3,6,267
2718.0,0,2,0,1,3,6,267
2719.0,0,2,0,1,3,7,267
2720.0,0,2,0,1,3,7,267
2721.0,1,2,1,1,5,7,267
2722.0,0,1,1,1,3,0,268
2723.0,0,0,1,1,2,0,268
2724.0,0,0,1,1,2,0,268
2725.0,0,0,1,1,2,0,268
2726.0,0,0,1,2,3,0,268
2727.0,0,0,1,2,3,0,268
2728.0,0,0,1,2,3,0,268
2729.0,0,0,1,2,3,0,268
2730.0,0,0,1,2,3,1,268
2731.0,1,0,2,2,5,1,268
2732.0,0,0,2,2,4,1,268
2733.0,0,0,2,2,4,2,269
2734.0,0,1,2,2,5,2,269
2735.0,0,0,2,2,4,2,269
2736.0,0,0,2,2,4,2,269
2737.0,0,0,2,2,4,2,269
2738.0,0,0,2,2,4,3,269
2739.0,1,0,2,2,5,3,269
2740.0,0,0,3,2,5,3,269
2741.0,0,0,2,1,3,4,270
2742.0,0,0,0,0,0,4,270
2743.0,0,0,0,0,0,4,270
2744.0,0,0,0,0,0,4,270
2745.0,0,1,0,0,1,4,270
2746.0,2,1,0,0,3,5,270
2747.0,1,1,0,0,2,5,270
2748.0,1,1,1,0,3,5,270
2749.0,1,1,1,1,4,6,271
2750.0,1,1,1,0,3,6,271
2751.0,2,1,1,0,4,6,271
2752.0,1,1,1,0,3,6,271
2753.0,2,2,1,0,5,6,271
2754.0,2,2,2,0,6,7,271
2755.0,2,2,2,0,6,7,271
2756.0,2,3,2,0,7,7,271
2757.0,0,0,2,0,2,0,272
2758.0,0,0,3,1,4,0,272
2759.0,0,0,3,1,4,0,272
2760.0,0,0,3,1,4,0,272
2761.0,0,0,3,2,5,0,272
2762.0,0,0,3,1,4,1,272
2763.0,0,0,3,1,4,1,272
2764.0,0,1,3,1,5,1,272
2765.0,0,0,3,1,4,2,273
2766.0,0,0,4,1,5,2,273
2767.0,0,0,4,1,5,2,273
2768.0,0,0,5,1,6,2,273
2769.0,0,0,5,1,6,2,273
2770.0,0,0,5,1,6,2,273
2771.0,1,0,5,2,8,2,273
2772.0,0,0,5,2,7,2,273
2773.0,0,0,5,2,7,2,273
2774.0,0,0,5,3,8,3,273
2775.0,0,0,5,2,7,3,273
2776.0,0,0,5,2,7,3,273
2777.0,0,0,3,1,4,4,274
2778.0,0,0,2,0,2,4,274
2779.0,1,0,1,0,2,4,274
2780.0,0,0,0,0,0,4,274
2781.0,0,1,0,0,1,4,274
2782.0,0,1,0,0,1,4,274
2783.0,0,1,0,0,1,4,274
2784.0,0,1,0,0,1,4,274
2785.0,0,1,0,0,1,5,274
2786.0,0,1,0,1,2,5,274
2787.0,0,1,0,0,1,5,274
2788.0,0,1,0,0,1,6,275
2789.0,0,1,0,1,2,6,275
2790.0,0,1,0,0,1,6,275
2791.0,0,1,1,0,2,6,275
2792.0,0,1,0,0,1,6,275
2793.0,0,1,0,0,1,6,275
2794.0,1,1,0,1,3,6,275
2795.0,1,1,0,0,2,6,275
2796.0,1,1,0,0,2,7,275
2797.0,1,1,0,0,2,7,275
2798.0,1,1,0,0,2,7,275
2799.0,0,1,0,2,3,0,276
2800.0,0,0,0,2,2,0,276
2801.0,0,0,1,2,3,0,276
2802.0,0,0,1,2,3,0,276
2803.0,0,0,1,2,3,0,276
2804.0,0,0,2,2,4,0,276
2805.0,0,0,2,3,5,0,276
2806.0,0,1,2,3,6,0,276
2807.0,0,0,2,3,5,0,276
2808.0,0,0,2,3,5,0,276
2809.0,0,0,3,3,6,0,276
2810.0,0,0,2,3,5,1,276
2811.0,0,0,3,3,6,1,276
2812.0,0,0,3,3,6,1,276
2813.0,0,0,3,3,6,2,277
2814.0,0,0,3,3,6,2,277
2815.0,0,0,3,3,6,2,277
2816.0,0,0,3,3,6,2,277
2817.0,0,0,3,3,6,2,277
2818.0,0,1,3,3,7,3,277
2819.0,1,1,3,3,8,3,277
2820.0,0,1,4,3,8,3,277
2821.0,0,1,2,1,4,4,278
2822.0,0,1,0,0,1,4,278
2823.0,0,1,0,0,1,4,278
2824.0,0,1,0,0,1,4,278
2825.0,0,1,0,0,1,4,278
2826.0,0,1,1,0,2,4,278
2827.0,0,1,0,0,1,4,278
2828.0,0,1,0,0,1,4,278
2829.0,0,1,0,0,1,4,278
2830.0,0,1,0,0,1,4,278
2831.0,0,1,0,1,2,5,278
2832.0,0,1,0,0,1,5,278
2833.0,0,1,0,0,1,5,278
2834.0,0,1,0,1,2,6,279
2835.0,0,1,0,0,1,6,279
2836.0,0,1,0,0,1,6,279
2837.0,0,1,1,0,2,6,279
2838.0,0,1,1,0,2,6,279
2839.0,0,1,1,0,2,7,279
2840.0,0,1,1,1,3,7,279
2841.0,0,3,1,0,4,7,279
2842.0,0,0,1,1,2,0,280
2843.0,0,0,1,1,2,0,280
2844.0,0,0,1,1,2,0,280
2845.0,0,0,1,1,2,0,280
2846.0,0,0,1,1,2,0,280
2847.0,0,0,1,1,2,0,280
2848.0,0,0,1,1,2,0,280
2849.0,0,0,2,1,3,0,280
2850.0,0,0,2,1,3,0,280
2851.0,0,0,2,2,4,1,280
2852.0,0,0,2,2,4,1,280
2853.0,0,0,2,2,4,1,280
2854.0,0,1,2,2,5,2,281
2855.0,0,0,2,2,4,2,281
2856.0,0,0,2,2,4,2,281
2857.0,0,0,3,3,6,2,281
2858.0,0,0,3,3,6,2,281
2859.0,0,2,3,3,8,3,281
2860.0,0,1,3,3,7,3,281
2861.0,0,1,3,3,7,3,281
2862.0,0,2,1,2,5,4,282
2863.0,0,1,0,1,2,4,282
2864.0,1,1,0,0,2,4,282
2865.0,0,2,0,0,2,4,282
2866.0,0,3,0,0,3,4,282
2867.0,0,2,0,0,2,5,282
2868.0,0,2,0,0,2,5,282
2869.0,0,2,0,0,2,5,282
2870.0,0,2,0,1,3,6,283
2871.0,0,4,0,1,5,6,283
2872.0,0,4,0,1,5,6,283
2873.0,0,4,0,1,5,6,283
2874.0,0,5,1,1,7,6,283
2875.0,0,5,0,1,6,7,283
2876.0,0,6,1,1,8,7,283
2877.0,0,6,1,1,8,7,283
2878.0,0,3,1,1,5,0,284
2879.0,0,1,1,3,5,0,284
2880.0,0,0,1,2,3,0,284
2881.0,0,0,1,2,3,0,284
2882.0,0,0,1,3,4,0,284
2883.0,0,0,1,3,4,0,284
2884.0,0,0,1,3,4,0,284
2885.0,0,0,1,3,4,0,284
2886.0,0,0,1,3,4,1,284
2887.0,0,0,1,3,4,1,284
2888.0,0,0,1,3,4,1,284
2889.0,0,0,1,4,5,2,285
2890.0,0,0,1,5,6,2,285
2891.0,0,0,1,6,7,2,285
2892.0,0,0,2,5,7,2,285
2893.0,0,0,2,5,7,2,285
2894.0,0,0,2,5,7,3,285
2895.0,0,1,2,5,8,3,285
2896.0,0,1,2,5,8,3,285
2897.0,0,1,1,2,4,4,286
2898.0,0,1,0,0,1,4,286
2899.0,0,1,1,0,2,4,286
2900.0,0,1,0,0,1,4,286
2901.0,0,1,0,1,2,4,286
2902.0,0,1,0,0,1,4,286
2903.0,0,1,0,0,1,4,286
2904.0,0,1,0,1,2,4,286
2905.0,0,2,0,0,2,5,286
2906.0,0,2,0,0,2,5,286
2907.0,0,2,0,0,2,5,286
2908.0,0,2,0,0,2,6,287
2909.0,0,3,1,0,4,6,287
2910.0,0,2,1,0,3,6,287
2911.0,0,2,1,1,4,6,287
2912.0,0,2,1,0,3,6,287
2913.0,0,2,1,0,3,7,287
2914.0,0,2,2,0,4,7,287
2915.0,0,2,1,0,3,7,287
2916.0,0,0,2,1,3,0,288
2917.0,0,0,2,1,3,0,288
2918.0,0,0,2,2,4,0,288
2919.0,0,0,3,2,5,0,288
2920.0,0,0,3,2,5,0,288
2921.0,1,0,4,3,8,0,288
2922.0,0,0,4,3,7,1,288
2923.0,0,0,4,3,7,1,288
2924.0,0,1,4,3,8,1,288
2925.0,0,0,5,3,8,2,289
2926.0,1,0,5,3,9,2,289
2927.0,0,0,5,3,8,2,289
2928.0,0,0,5,3,8,2,289
2929.0,0,1,5,3,9,2,289
2930.0,0,0,5,3,8,3,289
2931.0,0,0,5,3,8,3,289
2932.0,0,1,5,3,9,3,289
2933.0,0,0,2,1,3,4,290
2934.0,0,0,1,0,1,4,290
2935.0,0,0,0,0,0,4,290
2936.0,1,0,0,0,1,4,290
2937.0,0,0,0,0,0,4,290
2938.0,0,0,0,0,0,4,290
2939.0,0,0,0,0,0,4,290
2940.0,0,1,0,0,1,4,290
2941.0,0,2,1,0,3,5,290
2942.0,1,2,0,0,3,5,290
2943.0,1,2,0,0,3,5,290
2944.0,2,2,0,0,4,6,291
2945.0,1,2,0,0,3,6,291
2946.0,1,3,0,0,4,6,291
2947.0,1,3,0,0,4,6,291
2948.0,2,3,0,0,5,6,291
2949.0,2,3,0,0,5,6,291
2950.0,2,3,0,0,5,6,291
2951.0,2,3,0,0,5,6,291
2952.0,2,3,0,0,5,7,291
2953.0,2,3,0,0,5,7,291
2954.0,2,3,0,1,6,7,291
2955.0,1,1,0,0,2,0,292
2956.0,0,2,0,0,2,0,292
2957.0,0,0,0,1,1,0,292
2958.0,0,0,0,1,1,0,292
2959.0,0,0,0,1,1,0,292
2960.0,0,0,0,1,1,0,292
2961.0,0,0,0,1,1,0,292
2962.0,0,0,0,1,1,1,292
2963.0,0,1,0,1,2,1,292
2964.0,0,1,0,1,2,1,292
2965.0,0,1,0,2,3,2,293
2966.0,0,1,0,2,3,2,293
2967.0,0,2,0,2,4,2,293
2968.0,0,2,0,2,4,2,293
2969.0,0,2,0,2,4,2,293
2970.0,1,2,0,2,5,3,293
2971.0,1,2,0,3,6,3,293
2972.0,1,2,0,2,5,3,293
2973.0,1,2,0,0,3,4,294
2974.0,1,2,0,0,3,4,294
2975.0,1,2,0,0,3,4,294
2976.0,1,2,0,0,3,4,294
2977.0,1,2,0,0,3,4,294
2978.0,1,2,0,1,4,4,294
2979.0,1,2,0,0,3,4,294
2980.0,1,2,0,0,3,4,294
2981.0,1,3,0,0,4,4,294
2982.0,1,2,0,0,3,4,294
2983.0,1,2,0,0,3,4,294
2984.0,1,2,0,0,3,5,294
2985.0,1,3,0,0,4,5,294
2986.0,1,3,0,0,4,5,294
2987.0,1,3,0,0,4,6,295
2988.0,1,3,0,0,4,6,295
2989.0,2,3,0,1,6,6,295
2990.0,1,4,0,1,6,6,295
2991.0,1,3,0,1,5,6,295
2992.0,2,3,0,1,6,6,295
2993.0,1,3,0,1,5,6,295
2994.0,1,4,0,1,6,6,295
2995.0,1,4,0,1,6,7,295
2996.0,1,5,0,1,7,7,295
2997.0,1,5,1,1,8,7,295
2998.0,0,2,1,1,4,0,296
2999.0,0,0,1,2,3,0,296
3000.0,0,0,1,2,3,0,296
3001.0,0,0,1,2,3,0,296
3002.0,0,0,1,1,2,0,296
3003.0,0,0,1,1,2,0,296
3004.0,0,1,1,1,3,0,296
3005.0,0,0,1,1,2,0,296
3006.0,0,0,1,2,3,0,296
3007.0,0,0,1,2,3,0,296
3008.0,0,0,1,2,3,0,296
3009.0,0,0,1,2,3,0,296
3010.0,0,0,1,3,4,0,296
3011.0,0,0,1,4,5,0,296
3012.0,0,0,1,3,4,0,296
3013.0,0,0,1,3,4,0,296
3014.0,0,0,1,4,5,1,296
3015.0,0,0,1,3,4,1,296
3016.0,1,0,1,3,5,1,296
3017.0,0,0,1,3,4,2,297
3018.0,0,0,1,3,4,2,297
3019.0,0,0,2,3,5,2,297
3020.0,0,0,1,4,5,2,297
3021.0,0,0,1,5,6,2,297
3022.0,0,0,2,5,7,3,297
3023.0,0,0,2,5,7,3,297
3024.0,0,0,3,6,9,3,297
3025.0,0,0,0,4,4,4,298
3026.0,0,0,0,2,2,4,298
3027.0,0,0,1,0,1,4,298
3028.0,0,0,0,0,0,4,298
3029.0,0,1,0,0,1,4,298
3030.0,0,0,0,0,0,4,298
3031.0,0,0,0,0,0,4,298
3032.0,0,0,0,0,0,4,298
3033.0,0,0,0,0,0,4,298
3034.0,0,0,0,0,0,4,298
3035.0,0,1,0,0,1,4,298
3036.0,1,1,0,1,3,4,298
3037.0,1,1,0,0,2,5,298
3038.0,1,1,0,0,2,5,298
3039.0,1,2,0,0,3,5,298
3040.0,1,2,0,0,3,6,299
3041.0,1,2,1,0,4,6,299
3042.0,1,2,0,0,3,6,299
3043.0,1,2,0,0,3,6,299
3044.0,1,2,0,1,4,6,299
3045.0,1,2,0,0,3,6,299
3046.0,2,2,0,0,4,7,299
3047.0,1,2,0,0,3,7,299
3048.0,1,2,0,0,3,7,299
3049.0,0,1,0,1,2,0,300
3050.0,0,0,0,0,0,0,300
3051.0,1,0,0,0,1,0,300
3052.0,0,0,1,0,1,0,300
3053.0,0,0,1,0,1,0,300
3054.0,0,0,2,0,2,0,300
3055.0,0,0,3,0,3,0,300
3056.0,0,1,3,0,4,0,300
3057.0,0,0,3,0,3,0,300
3058.0,0,0,3,1,4,1,300
3059.0,0,0,3,1,4,1,300
3060.0,0,0,3,1,4,1,300
3061.0,0,0,3,2,5,2,301
3062.0,0,0,3,1,4,2,301
3063.0,0,0,3,1,4,2,301
3064.0,0,0,3,1,4,2,301
3065.0,0,0,3,1,4,2,301
3066.0,2,0,3,2,7,3,301
3067.0,1,0,3,1,5,3,301
3068.0,1,0,3,1,5,3,301
3069.0,1,0,1,1,3,4,302
3070.0,1,0,0,0,1,4,302
3071.0,1,0,0,0,1,4,302
3072.0,1,0,0,1,2,4,302
3073.0,1,0,0,0,1,4,302
3074.0,1,1,0,0,2,4,302
3075.0,1,0,0,0,1,4,302
3076.0,2,0,0,0,2,4,302
3077.0,2,1,0,0,3,4,302
3078.0,2,0,0,0,2,4,302
3079.0,2,0,0,0,2,4,302
3080.0,2,1,0,0,3,4,302
3081.0,2,1,0,1,4,4,302
3082.0,2,1,1,0,4,5,302
3083.0,2,1,0,0,3,5,302
3084.0,2,1,0,0,3,5,302
3085.0,2,2,0,0,4,6,303
3086.0,2,2,0,1,5,6,303
3087.0,2,2,0,0,4,6,303
3088.0,3,3,0,0,6,6,303
3089.0,3,4,1,0,8,6,303
3090.0,3,4,1,0,8,7,303
3091.0,3,4,1,0,8,7,303
3092.0,3,4,1,1,9,7,303
3093.0,1,1,1,1,4,0,304
3094.0,0,0,1,1,2,0,304
3095.0,0,0,1,1,2,0,304
3096.0,0,0,1,2,3,0,304
3097.0,0,0,1,2,3,0,304
3098.0,0,0,1,2,3,1,304
3099.0,0,1,1,2,4,1,304
3100.0,0,0,1,2,3,1,304
3101.0,0,0,1,2,3,2,305
3102.0,0,1,1,2,4,2,305
3103.0,0,0,1,2,3,2,305
3104.0,0,0,1,3,4,2,305
3105.0,0,0,1,2,3,2,305
3106.0,1,0,2,2,5,3,305
3107.0,0,0,2,3,5,3,305
3108.0,0,0,2,3,5,3,305
3109.0,0,0,1,1,2,4,306
3110.0,0,1,0,0,1,4,306
3111.0,1,1,0,0,2,4,306
3112.0,0,1,0,0,1,4,306
3113.0,0,1,0,0,1,4,306
3114.0,0,1,0,0,1,4,306
3115.0,0,1,0,0,1,4,306
3116.0,0,2,0,0,2,4,306
3117.0,0,1,0,0,1,5,306
3118.0,0,2,0,0,2,5,306
3119.0,1,2,0,0,3,5,306
3120.0,0,2,0,0,2,6,307
3121.0,0,2,0,0,2,6,307
3122.0,0,2,0,0,2,6,307
3123.0,0,2,0,0,2,6,307
3124.0,1,2,0,0,3,6,307
3125.0,0,2,0,1,3,7,307
3126.0,0,3,0,1,4,7,307
3127.0,0,3,0,1,4,7,307
3128.0,0,0,0,1,1,0,308
3129.0,0,0,0,1,1,0,308
3130.0,0,0,0,1,1,0,308
3131.0,0,0,0,1,1,0,308
3132.0,0,1,0,1,2,0,308
3133.0,0,0,0,1,1,1,308
3134.0,0,0,0,1,1,1,308
3135.0,0,0,1,1,2,1,308
3136.0,0,0,1,2,3,2,309
3137.0,0,0,2,1,3,2,309
3138.0,0,0,2,1,3,2,309
3139.0,1,0,3,1,5,2,309
3140.0,0,1,3,1,5,2,309
3141.0,0,1,3,1,5,2,309
3142.0,0,1,3,1,5,2,309
3143.0,0,1,3,1,5,3,309
3144.0,0,1,3,1,5,3,309
3145.0,0,1,3,1,5,3,309
3146.0,1,2,1,0,4,4,310
3147.0,0,1,0,0,1,4,310
3148.0,0,1,0,0,1,4,310
3149.0,0,1,1,0,2,4,310
3150.0,1,1,0,0,2,4,310
3151.0,1,1,0,0,2,4,310
3152.0,1,1,0,0,2,4,310
3153.0,1,1,0,0,2,4,310
3154.0,1,1,0,0,2,4,310
3155.0,1,1,0,0,2,4,310
3156.0,1,1,0,0,2,4,310
3157.0,1,2,0,0,3,4,310
3158.0,1,3,0,0,4,4,310
3159.0,2,3,0,1,6,5,310
3160.0,1,3,0,0,4,5,310
3161.0,1,3,0,0,4,5,310
3162.0,2,3,0,0,5,6,311
3163.0,2,3,0,0,5,6,311
3164.0,3,3,0,0,6,6,311
3165.0,2,3,0,1,6,6,311
3166.0,2,3,0,1,6,6,311
3167.0,3,3,0,1,7,6,311
3168.0,2,3,0,1,6,6,311
3169.0,3,3,0,2,8,6,311
3170.0,3,3,0,1,7,7,311
3171.0,3,3,1,1,8,7,311
3172.0,3,3,0,1,7,7,311
3173.0,1,1,0,1,3,0,312
3174.0,1,0,0,1,2,0,312
3175.0,0,0,0,1,1,0,312
3176.0,0,0,0,2,2,0,312
3177.0,0,0,1,1,2,0,312
3178.0,0,0,1,1,2,1,312
3179.0,0,0,1,2,3,1,312
3180.0,0,0,2,1,3,1,312
3181.0,0,0,3,2,5,2,313
3182.0,0,0,3,2,5,2,313
3183.0,1,0,3,2,6,2,313
3184.0,2,0,3,2,7,2,313
3185.0,1,0,3,2,6,2,313
3186.0,1,0,3,3,7,3,313
3187.0,1,0,3,3,7,3,313
3188.0,2,0,3,4,9,3,313
3189.0,2,1,0,2,5,4,314
3190.0,2,0,0,1,3,4,314
3191.0,2,0,0,0,2,4,314
3192.0,3,0,0,0,3,4,314
3193.0,3,0,0,0,3,4,314
3194.0,5,0,0,0,5,5,314
3195.0,4,0,0,0,4,5,314
3196.0,4,0,0,0,4,5,314
3197.0,4,0,0,0,4,6,315
3198.0,4,0,0,1,5,6,315
3199.0,4,0,0,1,5,6,315
3200.0,4,0,0,1,5,6,315
3201.0,4,0,0,2,6,6,315
3202.0,4,0,0,1,5,7,315
3203.0,4,0,0,1,5,7,315
3204.0,4,0,0,2,6,7,315
3205.0,1,0,0,1,2,0,316
3206.0,0,0,0,1,1,0,316
3207.0,0,0,0,1,1,0,316
3208.0,0,0,0,1,1,0,316
3209.0,0,0,0,1,1,0,316
3210.0,0,0,0,1,1,1,316
3211.0,0,0,0,1,1,1,316
3212.0,0,0,0,1,1,1,316
3213.0,0,0,0,2,2,2,317
3214.0,0,0,0,3,3,2,317
3215.0,0,0,0,4,4,2,317
3216.0,0,0,0,4,4,2,317
3217.0,0,0,0,4,4,2,317
3218.0,0,0,0,5,5,3,317
3219.0,0,0,0,4,4,3,317
3220.0,0,0,0,4,4,3,317
3221.0,0,0,0,4,4,4,318
3222.0,0,0,0,1,1,4,318
3223.0,0,0,0,0,0,4,318
3224.0,0,0,0,0,0,4,318
3225.0,0,0,0,0,0,4,318
3226.0,0,0,1,0,1,4,318
3227.0,0,0,0,0,0,4,318
3228.0,0,0,0,0,0,4,318
3229.0,0,0,0,0,0,4,318
3230.0,0,0,0,0,0,4,318
3231.0,0,0,0,1,1,4,318
3232.0,0,0,0,0,0,5,318
3233.0,0,0,0,0,0,5,318
3234.0,0,2,0,0,2,5,318
3235.0,0,1,0,0,1,6,319
3236.0,0,1,0,0,1,6,319
3237.0,0,1,0,0,1,6,319
3238.0,0,1,0,0,1,6,319
3239.0,0,2,0,0,2,6,319
3240.0,0,1,0,0,1,7,319
3241.0,0,1,0,0,1,7,319
3242.0,0,1,0,1,2,7,319
3243.0,0,0,0,1,1,0,320
3244.0,0,0,0,1,1,0,320
3245.0,0,0,0,1,1,0,320
3246.0,0,0,0,1,1,0,320
3247.0,0,0,1,2,3,0,320
3248.0,0,0,1,2,3,0,320
3249.0,0,0,1,2,3,1,320
3250.0,0,0,2,2,4,1,320
3251.0,0,1,2,2,5,1,320
3252.0,0,0,2,3,5,2,321
3253.0,0,0,2,3,5,2,321
3254.0,0,1,2,3,6,2,321
3255.0,0,0,2,3,5,2,321
3256.0,1,0,2,3,6,2,321
3257.0,0,0,2,3,5,3,321
3258.0,0,0,2,3,5,3,321
3259.0,1,0,2,4,7,3,321
3260.0,0,0,0,1,1,4,322
3261.0,0,2,0,0,2,4,322
3262.0,0,2,0,0,2,4,322
3263.0,0,2,0,0,2,4,322
3264.0,0,2,0,0,2,4,322
3265.0,0,3,0,0,3,4,322
3266.0,0,3,0,0,3,5,322
3267.0,0,3,0,0,3,5,322
3268.0,0,3,0,0,3,5,322
3269.0,0,3,0,1,4,6,323
3270.0,0,3,0,0,3,6,323
3271.0,0,3,0,0,3,6,323
3272.0,0,4,0,0,4,6,323
3273.0,0,4,0,0,4,6,323
3274.0,0,4,0,0,4,7,323
3275.0,0,5,0,0,5,7,323
3276.0,0,5,0,2,7,7,323
3277.0,0,3,0,1,4,0,324
3278.0,0,1,0,1,2,0,324
3279.0,0,1,0,1,2,0,324
3280.0,0,0,0,2,2,0,324
3281.0,0,0,0,2,2,0,324
3282.0,0,0,0,2,2,1,324
3283.0,0,0,0,2,2,1,324
3284.0,0,0,0,2,2,1,324
3285.0,0,0,0,2,2,2,325
3286.0,0,0,1,3,4,2,325
3287.0,0,0,2,3,5,2,325
3288.0,0,0,2,3,5,2,325
3289.0,0,0,2,4,6,2,325
3290.0,0,0,2,3,5,3,325
3291.0,0,0,2,3,5,3,325
3292.0,0,0,2,3,5,3,325
3293.0,0,0,0,0,0,4,326
3294.0,1,0,0,0,1,4,326
3295.0,0,0,0,0,0,4,326
3296.0,0,1,0,0,1,4,326
3297.0,0,1,0,0,1,4,326
3298.0,0,1,0,0,1,4,326
3299.0,0,1,0,0,1,4,326
3300.0,0,1,0,0,1,4,326
3301.0,0,1,0,1,2,4,326
3302.0,0,2,0,0,2,4,326
3303.0,0,2,0,0,2,4,326
3304.0,0,2,0,0,2,4,326
3305.0,0,2,0,0,2,4,326
3306.0,0,3,0,0,3,4,326
3307.0,0,2,0,0,2,4,326
3308.0,0,2,0,0,2,4,326
3309.0,0,2,1,0,3,4,326
3310.0,0,2,0,0,2,4,326
3311.0,0,3,0,0,3,4,326
3312.0,0,2,0,0,2,4,326
3313.0,0,2,0,0,2,5,326
3314.0,0,2,0,0,2,5,326
3315.0,0,2,0,1,3,5,326
3316.0,0,2,0,0,2,6,327
3317.0,1,3,0,0,4,6,327
3318.0,1,3,0,0,4,6,327
3319.0,1,3,0,0,4,6,327
3320.0,1,3,1,0,5,6,327
3321.0,1,4,2,0,7,7,327
3322.0,1,4,1,0,6,7,327
3323.0,1,4,1,0,6,7,327
3324.0,0,2,1,0,3,0,328
3325.0,0,0,1,0,1,0,328
3326.0,0,0,2,1,3,0,328
3327.0,0,0,2,1,3,0,328
3328.0,0,0,2,1,3,0,328
3329.0,0,0,3,2,5,1,328
3330.0,0,0,2,2,4,1,328
3331.0,0,1,2,2,5,1,328
3332.0,0,0,2,3,5,2,329
3333.0,0,0,2,3,5,2,329
3334.0,0,1,2,3,6,2,329
3335.0,0,0,2,3,5,2,329
3336.0,0,0,2,3,5,2,329
3337.0,0,0,2,4,6,3,329
3338.0,0,0,2,4,6,3,329
3339.0,0,0,2,4,6,3,329
3340.0,0,0,1,1,2,4,330
3341.0,0,0,0,0,0,4,330
3342.0,0,0,0,0,0,4,330
3343.0,0,1,0,0,1,4,330
3344.0,0,2,0,0,2,4,330
3345.0,0,3,0,0,3,5,330
3346.0,1,3,0,0,4,5,330
3347.0,0,3,0,0,3,5,330
3348.0,0,4,0,0,4,6,331
3349.0,1,4,0,0,5,6,331
3350.0,0,4,0,0,4,6,331
3351.0,0,4,0,0,4,6,331
3352.0,0,4,0,0,4,6,331
3353.0,0,4,0,0,4,7,331
3354.0,0,4,0,1,5,7,331
3355.0,0,4,0,0,4,7,331
3356.0,0,2,0,0,2,0,332
3357.0,0,1,0,0,1,0,332
3358.0,0,0,0,0,0,0,332
3359.0,0,0,0,1,1,0,332
3360.0,0,0,0,0,0,0,332
3361.0,0,0,0,0,0,1,332
3362.0,0,0,0,0,0,1,332
3363.0,0,0,0,0,0,1,332
3364.0,0,0,0,0,0,2,333
3365.0,0,0,0,1,1,2,333
3366.0,0,0,0,2,2,2,333
3367.0,1,0,0,1,2,2,333
3368.0,1,0,0,1,2,2,333
3369.0,1,0,0,1,2,3,333
3370.0,1,0,1,2,4,3,333
3371.0,3,0,1,2,6,3,333
3372.0,2,0,0,0,2,4,334
3373.0,2,0,0,0,2,4,334
3374.0,2,0,0,0,2,4,334
3375.0,2,0,0,0,2,4,334
3376.0,2,0,0,0,2,4,334
3377.0,2,0,0,0,2,5,334
3378.0,2,0,0,0,2,5,334
3379.0,3,0,0,0,3,5,334
3380.0,2,0,0,1,3,6,335
3381.0,2,0,0,1,3,6,335
3382.0,2,0,0,1,3,6,335
3383.0,2,0,0,1,3,6,335
3384.0,2,0,1,1,4,6,335
3385.0,2,0,0,1,3,7,335
3386.0,2,0,0,1,3,7,335
3387.0,2,0,0,1,3,7,335
3388.0,0,0,0,1,1,0,336
3389.0,0,0,0,1,1,0,336
3390.0,0,0,0,1,1,0,336
3391.0,0,1,0,1,2,0,336
3392.0,0,0,1,1,2,0,336
3393.0,0,0,0,1,1,0,336
3394.0,0,0,1,1,2,0,336
3395.0,0,0,2,1,3,0,336
3396.0,0,1,1,1,3,0,336
3397.0,0,0,2,1,3,0,336
3398.0,0,0,2,2,4,0,336
3399.0,0,0,2,2,4,0,336
3400.0,0,0,2,2,4,0,336
3401.0,0,0,2,2,4,0,336
3402.0,0,0,2,2,4,1,336
3403.0,0,0,3,2,5,1,336
3404.0,0,1,2,2,5,1,336
3405.0,0,0,2,2,4,2,337
3406.0,0,0,2,2,4,2,337
3407.0,0,1,3,2,6,2,337
3408.0,0,1,3,3,7,2,337
3409.0,0,1,3,4,8,2,337
3410.0,0,2,3,3,8,3,337
3411.0,0,2,3,3,8,3,337
3412.0,0,2,3,3,8,3,337
3413.0,0,2,2,1,5,4,338
3414.0,0,2,0,0,2,4,338
3415.0,0,4,0,0,4,4,338
3416.0,0,4,0,0,4,4,338
3417.0,0,3,0,0,3,4,338
3418.0,0,3,0,0,3,4,338
3419.0,0,3,0,0,3,4,338
3420.0,0,3,0,0,3,4,338
3421.0,0,3,0,0,3,4,338
3422.0,0,3,0,0,3,4,338
3423.0,0,4,0,0,4,5,338
3424.0,1,4,0,0,5,5,338
3425.0,0,5,0,0,5,5,338
3426.0,0,5,0,0,5,6,339
3427.0,0,6,0,0,6,6,339
3428.0,0,6,0,0,6,6,339
3429.0,0,6,0,0,6,6,339
3430.0,0,6,0,0,6,6,339
3431.0,0,6,0,1,7,6,339
3432.0,0,6,0,0,6,7,339
3433.0,0,6,0,0,6,7,339
3434.0,0,7,0,0,7,7,339
3435.0,0,4,0,0,4,0,340
3436.0,0,1,0,0,1,0,340
3437.0,0,0,0,0,0,0,340
3438.0,0,0,0,0,0,0,340
3439.0,0,0,0,1,1,0,340
3440.0,0,0,0,0,0,0,340
3441.0,0,0,1,0,1,0,340
3442.0,0,0,0,1,1,0,340
3443.0,0,0,0,1,1,0,340
3444.0,0,0,1,1,2,0,340
3445.0,0,0,0,1,1,1,340
3446.0,0,1,0,1,2,1,340
3447.0,0,0,0,1,1,1,340
3448.0,0,0,0,1,1,2,341
3449.0,0,0,0,2,2,2,341
3450.0,0,0,0,2,2,2,341
3451.0,0,0,0,2,2,2,341
3452.0,0,0,1,3,4,2,341
3453.0,0,0,2,3,5,3,341
3454.0,0,0,2,3,5,3,341
3455.0,0,0,2,3,5,3,341
3456.0,0,0,1,1,2,4,342
3457.0,0,1,0,0,1,4,342
3458.0,0,2,0,0,2,4,342
3459.0,0,2,0,0,2,4,342
3460.0,0,2,0,0,2,4,342
3461.0,0,2,0,0,2,5,342
3462.0,0,2,0,0,2,5,342
3463.0,0,2,0,0,2,5,342
3464.0,0,3,0,0,3,6,343
3465.0,0,2,0,0,2,6,343
3466.0,0,2,0,0,2,6,343
3467.0,0,2,0,0,2,6,343
3468.0,0,2,0,0,2,6,343
3469.0,0,2,1,0,3,7,343
3470.0,0,2,1,0,3,7,343
3471.0,0,2,1,0,3,7,343
3472.0,0,0,1,1,2,0,344
3473.0,0,0,2,1,3,0,344
3474.0,0,1,1,1,3,0,344
3475.0,0,0,2,1,3,0,344
3476.0,0,0,2,1,3,0,344
3477.0,0,0,2,1,3,1,344
3478.0,0,0,1,1,2,1,344
3479.0,0,0,1,1,2,1,344
3480.0,0,0,1,1,2,2,345
3481.0,0,0,2,2,4,2,345
3482.0,0,0,2,1,3,2,345
3483.0,0,0,2,1,3,2,345
3484.0,0,0,2,1,3,2,345
3485.0,0,0,3,1,4,3,345
3486.0,0,0,3,1,4,3,345
3487.0,0,0,3,2,5,3,345
3488.0,0,0,1,1,2,4,346
3489.0,0,0,0,0,0,4,346
3490.0,0,0,0,0,0,4,346
3491.0,0,0,0,1,1,4,346
3492.0,0,0,0,0,0,4,346
3493.0,0,0,0,0,0,4,346
3494.0,1,0,0,0,1,4,346
3495.0,0,0,0,0,0,4,346
3496.0,0,1,0,0,1,4,346
3497.0,0,1,0,0,1,4,346
3498.0,0,1,0,0,1,4,346
3499.0,0,2,0,0,2,4,346
3500.0,0,1,0,0,1,4,346
3501.0,0,1,0,0,1,5,346
3502.0,0,2,0,0,2,5,346
3503.0,0,1,0,0,1,5,346
3504.0,0,1,0,0,1,6,347
3505.0,0,1,0,1,2,6,347
3506.0,0,1,0,1,2,6,347
3507.0,0,2,0,1,3,6,347
3508.0,0,2,0,1,3,6,347
3509.0,0,2,0,1,3,7,347
3510.0,0,2,0,1,3,7,347
3511.0,1,2,0,1,4,7,347
3512.0,0,1,0,1,2,0,348
3513.0,0,0,0,1,1,0,348
3514.0,0,1,0,1,2,0,348
3515.0,0,0,0,1,1,0,348
3516.0,0,0,0,1,1,0,348
3517.0,0,0,0,1,1,0,348
3518.0,0,0,0,1,1,1,348
3519.0,0,1,0,2,3,1,348
3520.0,0,0,0,2,2,1,348
3521.0,0,1,0,2,3,2,349
3522.0,0,0,0,2,2,2,349
3523.0,0,0,1,3,4,2,349
3524.0,1,0,1,3,5,2,349
3525.0,0,0,1,3,4,2,349
3526.0,0,0,1,4,5,3,349
3527.0,0,0,1,3,4,3,349
3528.0,0,0,2,3,5,3,349
3529.0,0,0,1,0,1,4,350
3530.0,0,1,0,0,1,4,350
3531.0,0,1,0,0,1,4,350
3532.0,0,2,0,1,3,4,350
3533.0,0,3,0,0,3,4,350
3534.0,1,3,0,0,4,4,350
3535.0,1,3,0,1,5,4,350
3536.0,2,3,0,0,5,4,350
3537.0,1,3,0,0,4,4,350
3538.0,1,3,0,0,4,5,350
3539.0,1,4,0,0,5,5,350
3540.0,1,3,0,0,4,5,350
3541.0,1,4,0,0,5,6,351
3542.0,1,3,0,0,4,6,351
3543.0,1,3,0,0,4,6,351
3544.0,2,3,0,1,6,6,351
3545.0,1,3,0,2,6,6,351
3546.0,2,3,0,2,7,7,351
3547.0,3,3,0,2,8,7,351
3548.0,2,3,0,2,7,7,351
3549.0,1,1,0,2,4,0,352
3550.0,0,0,0,2,2,0,352
3551.0,0,0,0,3,3,0,352
3552.0,0,0,0,3,3,0,352
3553.0,0,0,0,3,3,0,352
3554.0,0,0,0,4,4,0,352
3555.0,0,0,0,3,3,0,352
3556.0,0,0,1,3,4,0,352
3557.0,0,0,1,3,4,0,352
3558.0,0,0,1,3,4,0,352
3559.0,0,0,2,3,5,0,352
3560.0,0,0,1,3,4,0,352
3561.0,0,0,1,3,4,0,352
3562.0,0,0,1,3,4,0,352
3563.0,0,0,1,3,4,0,352
3564.0,1,0,1,3,5,0,352
3565.0,0,0,1,3,4,0,352
3566.0,0,0,1,4,5,0,352
3567.0,1,0,1,4,6,0,352
3568.0,0,0,1,4,5,0,352
3569.0,0,0,2,4,6,1,352
3570.0,0,0,2,4,6,1,352
3571.0,0,0,3,4,7,1,352
3572.0,0,0,3,4,7,2,353
3573.0,0,0,3,4,7,2,353
3574.0,0,0,3,4,7,2,353
3575.0,0,0,3,4,7,2,353
3576.0,0,1,3,4,8,2,353
3577.0,0,0,3,4,7,3,353
3578.0,0,0,3,4,7,3,353
3579.0,0,0,3,4,7,3,353
3580.0,0,0,1,1,2,4,354
3581.0,0,0,0,0,0,4,354
3582.0,0,0,0,0,0,4,354
3583.0,0,0,0,0,0,4,354
3584.0,0,0,0,0,0,4,354
3585.0,0,0,0,0,0,5,354
3586.0,0,0,0,1,1,5,354
3587.0,1,1,0,0,2,5,354
3588.0,1,1,1,0,3,6,355
3589.0,2,1,1,0,4,6,355
3590.0,2,1,1,0,4,6,355
3591.0,2,1,1,1,5,6,355
3592.0,2,1,1,1,5,6,355
3593.0,2,1,1,2,6,7,355
3594.0,2,1,2,2,7,7,355
3595.0,2,1,2,2,7,7,355
3596.0,0,0,2,2,4,0,356
3597.0,0,0,2,2,4,0,356
3598.0,0,0,2,2,4,0,356
3599.0,0,1,3,2,6,0,356
3600.0,0,0,3,2,5,0,356
3601.0,0,0,3,2,5,0,356
3602.0,0,0,3,3,6,0,356
3603.0,0,0,3,3,6,1,356
3604.0,0,0,3,3,6,1,356
3605.0,0,0,3,3,6,1,356
3606.0,0,0,3,3,6,2,357
3607.0,0,0,3,3,6,2,357
3608.0,0,0,3,3,6,2,357
3609.0,0,0,3,3,6,2,357
3610.0,0,0,3,3,6,2,357
3611.0,0,0,3,3,6,2,357
3612.0,0,0,3,3,6,3,357
3613.0,0,0,3,3,6,3,357
3614.0,0,0,3,3,6,3,357
3615.0,0,0,2,1,3,4,358
3616.0,0,0,1,0,1,4,358
3617.0,0,0,0,0,0,4,358
3618.0,0,0,0,0,0,4,358
3619.0,0,0,0,0,0,4,358
3620.0,0,0,0,0,0,4,358
3621.0,0,1,0,0,1,5,358
3622.0,0,1,0,0,1,5,358
3623.0,0,1,0,0,1,5,358
3624.0,0,1,0,0,1,6,359
3625.0,0,1,0,0,1,6,359
3626.0,0,1,1,0,2,6,359
3627.0,0,2,1,0,3,6,359
3628.0,0,2,1,0,3,6,359
3629.0,0,2,1,0,3,7,359
3630.0,0,2,1,0,3,7,359
3631.0,0,2,1,0,3,7,359
3632.0,0,1,1,0,2,0,360
3633.0,0,0,1,0,1,0,360
3634.0,0,0,1,0,1,0,360
3635.0,0,0,1,0,1,0,360
3636.0,0,0,1,0,1,0,360
3637.0,0,0,1,0,1,1,360
3638.0,0,0,1,0,1,1,360
3639.0,0,0,1,0,1,1,360
3640.0,0,0,1,0,1,2,361
3641.0,0,0,1,0,1,2,361
3642.0,0,0,1,0,1,2,361
3643.0,0,0,1,0,1,2,361
3644.0,0,0,1,0,1,2,361
3645.0,0,0,1,0,1,3,361
3646.0,0,0,2,0,2,3,361
3647.0,0,0,2,0,2,3,361
3648.0,0,0,1,0,1,4,362
3649.0,0,0,1,0,1,4,362
3650.0,0,0,0,0,0,4,362
3651.0,0,0,0,0,0,4,362
3652.0,0,0,0,0,0,4,362
3653.0,0,0,0,0,0,4,362
3654.0,0,0,0,0,0,4,362
3655.0,0,0,0,0,0,4,362
3656.0,0,0,0,0,0,4,362
3657.0,0,0,0,0,0,5,362
3658.0,0,0,0,0,0,5,362
3659.0,0,0,0,0,0,5,362
3660.0,0,0,0,0,0,6,363
3661.0,0,0,0,0,0,6,363
3662.0,0,0,0,0,0,6,363
3663.0,0,0,0,0,0,6,363
3664.0,0,0,0,0,0,6,363
3665.0,0,0,0,0,0,7,363
3666.0,0,0,0,0,0,7,363
3667.0,0,0,0,0,0,7,363
3668.0,0,0,0,0,0,0,364
3669.0,0,0,0,0,0,0,364
3670.0,0,0,0,0,0,0,364
3671.0,0,0,0,0,0,0,364
3672.0,0,0,0,0,0,0,364
3673.0,0,0,0,0,0,1,364
3674.0,0,0,0,0,0,1,364
3675.0,0,0,0,0,0,1,364
3676.0,0,0,0,0,0,2,365
3677.0,0,0,0,0,0,2,365
3678.0,0,0,0,0,0,2,365
3679.0,0,0,0,0,0,2,365
3680.0,0,0,0,0,0,2,365
