time,phase,queue_N,queue_S,queue_E,queue_W,queue_total,switch_count
1.0,0,1,0,0,0,1,0
2.0,0,0,0,0,0,0,0
3.0,0,0,0,0,0,0,0
4.0,0,0,0,0,0,0,0
5.0,0,0,0,0,0,0,0
6.0,1,0,0,0,0,0,1
7.0,1,0,0,0,0,0,1
8.0,1,0,0,0,0,0,1
9.0,2,0,0,0,0,0,2
10.0,2,0,0,0,0,0,2
11.0,2,0,0,0,1,1,2
12.0,2,0,0,0,0,0,2
13.0,2,0,0,0,0,0,2
14.0,3,0,0,0,0,0,3
15.0,3,0,0,0,0,0,3
16.0,3,0,0,0,0,0,3
17.0,4,0,0,0,0,0,4
18.0,4,0,0,0,0,0,4
19.0,4,0,0,1,0,1,4
20.0,4,0,0,0,0,0,4
21.0,4,0,0,0,0,0,4
22.0,4,0,0,0,0,0,4
23.0,4,0,0,0,0,0,4
24.0,4,0,0,0,0,0,4
25.0,5,1,0,0,0,1,5
26.0,5,1,0,1,0,2,5
27.0,5,1,0,0,0,1,5
28.0,6,1,0,0,0,1,6
29.0,6,1,0,0,0,1,6
30.0,6,1,0,0,0,1,6
31.0,6,1,1,0,0,2,6
32.0,6,1,0,0,0,1,6
33.0,7,1,0,0,0,1,7
34.0,7,1,0,0,0,1,7
35.0,7,1,0,0,0,1,7
36.0,0,0,1,0,0,1,8
37.0,0,0,0,0,0,0,8
38.0,0,0,0,1,0,1,8
39.0,0,0,0,1,0,1,8
40.0,0,0,0,1,0,1,8
41.0,1,0,0,1,0,1,9
42.0,1,0,0,1,0,1,9
43.0,1,0,0,1,0,1,9
44.0,2,0,0,1,0,1,10
45.0,2,0,0,1,0,1,10
46.0,2,0,0,1,0,1,10
47.0,2,0,0,1,0,1,10
48.0,2,0,0,1,0,1,10
49.0,3,0,0,1,0,1,11
50.0,3,0,0,1,0,1,11
51.0,3,0,0,1,0,1,11
52.0,4,0,0,0,0,0,12
53.0,4,0,0,0,0,0,12
54.0,4,0,0,0,0,0,12
55.0,4,0,0,0,0,0,12
56.0,4,0,0,0,1,1,12
57.0,5,0,0,0,0,0,13
58.0,5,0,0,0,0,0,13
59.0,5,0,0,0,0,0,13
60.0,6,0,0,0,0,0,14
61.0,6,0,1,0,0,1,14
62.0,6,0,0,0,0,0,14
63.0,6,0,0,0,0,0,14
64.0,6,0,0,0,0,0,14
65.0,7,0,0,0,0,0,15
66.0,7,0,0,0,1,1,15
67.0,7,0,0,0,1,1,15
68.0,0,0,0,0,1,1,16
69.0,0,0,0,0,1,1,16
70.0,0,0,0,0,1,1,16
71.0,0,0,0,0,1,1,16
72.0,0,0,0,0,1,1,16
73.0,1,0,0,0,1,1,17
74.0,1,0,0,0,1,1,17
75.0,1,0,0,0,1,1,17
76.0,2,0,0,0,1,1,18
77.0,2,0,0,0,1,1,18
78.0,2,0,0,0,2,2,18
79.0,2,0,0,0,2,2,18
80.0,2,0,0,0,2,2,18
81.0,3,0,1,0,2,3,19
82.0,3,0,0,0,2,2,19
83.0,3,0,0,0,2,2,19
84.0,4,0,0,0,0,0,20
85.0,4,0,0,0,0,0,20
86.0,4,0,0,0,1,1,20
87.0,4,0,0,0,0,0,20
88.0,4,0,0,0,0,0,20
89.0,5,0,0,0,0,0,21
90.0,5,0,0,0,0,0,21
91.0,5,0,2,0,0,2,21
92.0,6,0,1,0,0,1,22
93.0,6,0,1,0,0,1,22
94.0,6,0,1,0,0,1,22
95.0,6,0,1,0,0,1,22
96.0,6,0,1,0,0,1,22
97.0,7,0,1,0,0,1,23
98.0,7,0,1,0,1,2,23
99.0,7,0,1,0,1,2,23
100.0,0,0,0,0,1,1,24
101.0,0,1,0,0,1,2,24
102.0,0,0,0,0,1,1,24
103.0,0,0,0,0,1,1,24
104.0,0,0,0,0,1,1,24
105.0,1,0,0,0,1,1,25
106.0,1,0,0,0,2,2,25
107.0,1,0,0,0,2,2,25
108.0,2,0,0,0,2,2,26
109.0,2,0,0,0,2,2,26
110.0,2,0,0,0,2,2,26
111.0,2,0,0,0,2,2,26
112.0,2,0,0,0,2,2,26
113.0,3,0,0,0,2,2,27
114.0,3,0,0,0,2,2,27
115.0,3,0,0,0,2,2,27
116.0,4,0,1,0,1,2,28
117.0,4,0,0,0,0,0,28
118.0,4,0,0,0,0,0,28
119.0,4,0,0,0,0,0,28
120.0,4,0,0,0,0,0,28
121.0,5,0,2,0,0,2,29
122.0,5,0,1,0,0,1,29
123.0,5,1,1,0,0,2,29
124.0,6,1,1,0,0,2,30
125.0,6,1,2,0,0,3,30
126.0,6,1,1,0,0,2,30
127.0,6,1,1,0,0,2,30
128.0,6,1,1,0,0,2,30
129.0,7,1,1,1,0,3,31
130.0,7,1,1,1,0,3,31
131.0,7,1,1,1,0,3,31
132.0,0,0,0,1,0,1,32
133.0,0,0,0,1,0,1,32
134.0,0,0,0,1,0,1,32
135.0,0,0,0,1,0,1,32
136.0,0,1,0,1,0,2,32
137.0,1,0,0,1,0,1,33
138.0,1,0,0,1,0,1,33
139.0,1,0,0,1,0,1,33
140.0,2,0,0,1,0,1,34
141.0,2,0,0,1,0,1,34
142.0,2,0,0,1,0,1,34
143.0,2,0,0,1,0,1,34
144.0,2,0,0,1,1,2,34
145.0,3,0,0,1,1,2,35
146.0,3,0,1,2,1,4,35
147.0,3,0,0,2,1,3,35
148.0,4,0,0,1,0,1,36
149.0,4,0,0,0,0,0,36
150.0,4,0,0,0,0,0,36
151.0,4,0,0,0,0,0,36
152.0,4,0,0,0,0,0,36
153.0,5,0,0,0,0,0,37
154.0,5,0,0,0,0,0,37
155.0,5,0,0,0,0,0,37
156.0,6,0,0,0,0,0,38
157.0,6,0,1,0,0,1,38
158.0,6,0,1,0,0,1,38
159.0,6,0,1,0,0,1,38
160.0,6,0,1,0,0,1,38
161.0,7,1,1,0,0,2,39
162.0,7,1,1,0,0,2,39
163.0,7,1,1,0,0,2,39
164.0,0,0,0,0,0,0,40
165.0,0,0,0,0,0,0,40
166.0,0,0,0,0,1,1,40
167.0,0,0,0,0,0,0,40
168.0,0,0,0,0,0,0,40
169.0,1,0,0,0,0,0,41
170.0,1,0,0,0,0,0,41
171.0,1,0,1,0,0,1,41
172.0,2,0,0,0,0,0,42
173.0,2,0,0,0,0,0,42
174.0,2,0,0,0,0,0,42
175.0,2,0,0,0,0,0,42
176.0,2,0,0,1,0,1,42
177.0,2,0,0,2,0,2,42
178.0,2,0,0,1,0,1,42
179.0,2,0,0,1,0,1,42
180.0,2,0,0,1,0,1,42
181.0,2,0,1,1,0,2,42
182.0,3,0,0,1,0,1,43
183.0,3,0,0,2,0,2,43
184.0,3,0,0,2,0,2,43
185.0,4,0,0,1,0,1,44
186.0,4,0,0,0,0,0,44
187.0,4,0,0,0,0,0,44
188.0,4,0,0,0,0,0,44
189.0,4,0,0,0,0,0,44
190.0,5,0,0,0,0,0,45
191.0,5,1,0,0,0,1,45
192.0,5,0,0,0,0,0,45
193.0,6,0,1,0,0,1,46
194.0,6,0,1,0,0,1,46
195.0,6,0,1,0,0,1,46
196.0,6,0,1,0,1,2,46
197.0,6,0,1,0,0,1,46
198.0,7,0,1,0,0,1,47
199.0,7,0,1,0,0,1,47
200.0,7,0,1,0,0,1,47
201.0,0,0,0,0,0,0,48
202.0,0,0,0,0,0,0,48
203.0,0,0,0,0,0,0,48
204.0,0,0,0,0,0,0,48
205.0,0,0,0,0,0,0,48
206.0,1,0,0,0,2,2,49
207.0,1,0,0,1,1,2,49
208.0,1,0,0,1,1,2,49
209.0,2,0,0,1,1,2,50
210.0,2,0,0,1,1,2,50
211.0,2,0,0,1,1,2,50
212.0,2,0,0,1,1,2,50
213.0,2,1,0,1,1,3,50
214.0,3,1,0,1,1,3,51
215.0,3,1,0,1,1,3,51
216.0,3,1,0,1,1,3,51
217.0,4,1,0,0,0,1,52
218.0,4,1,0,0,0,1,52
219.0,4,1,0,0,0,1,52
220.0,4,1,0,0,0,1,52
221.0,4,1,0,0,0,1,52
222.0,5,1,0,0,0,1,53
223.0,5,1,0,0,0,1,53
224.0,5,1,0,0,0,1,53
225.0,6,1,0,0,0,1,54
226.0,6,1,1,0,0,2,54
227.0,6,1,0,0,0,1,54
228.0,6,1,0,0,0,1,54
229.0,6,1,0,0,0,1,54
230.0,7,1,1,0,0,2,55
231.0,7,1,2,0,0,3,55
232.0,7,1,1,0,0,2,55
233.0,0,0,0,0,0,0,56
234.0,0,0,0,0,0,0,56
235.0,0,0,0,0,0,0,56
236.0,0,0,1,0,0,1,56
237.0,0,0,0,0,0,0,56
238.0,0,0,0,0,0,0,56
239.0,0,0,0,0,0,0,56
240.0,0,0,0,0,0,0,56
241.0,0,0,0,1,0,1,56
242.0,1,0,0,1,0,1,57
243.0,1,0,0,2,0,2,57
244.0,1,0,0,2,0,2,57
245.0,2,0,0,2,0,2,58
246.0,2,1,0,2,0,3,58
247.0,2,0,1,2,0,3,58
248.0,2,0,1,2,1,4,58
249.0,2,0,1,2,1,4,58
250.0,3,0,1,2,1,4,59
251.0,3,1,1,2,1,5,59
252.0,3,0,1,2,1,4,59
253.0,4,0,1,0,0,1,60
254.0,4,0,1,0,0,1,60
255.0,4,0,1,0,0,1,60
256.0,4,0,2,0,0,2,60
257.0,4,0,1,0,0,1,60
258.0,4,0,1,0,0,1,60
259.0,4,0,1,0,0,1,60
260.0,5,0,1,0,0,1,61
261.0,5,0,1,0,0,1,61
262.0,5,0,1,0,0,1,61
263.0,6,0,1,0,0,1,62
264.0,6,0,1,0,0,1,62
265.0,6,0,1,1,0,2,62
266.0,6,0,2,1,0,3,62
267.0,6,0,2,1,0,3,62
268.0,7,1,2,1,0,4,63
269.0,7,1,2,1,0,4,63
270.0,7,1,2,1,0,4,63
271.0,0,0,1,1,1,3,64
272.0,0,0,0,1,0,1,64
273.0,0,0,0,1,0,1,64
274.0,0,0,0,1,0,1,64
275.0,0,0,0,1,0,1,64
276.0,1,0,1,1,0,2,65
277.0,1,0,0,1,1,2,65
278.0,1,0,0,1,1,2,65
279.0,2,0,0,1,1,2,66
280.0,2,0,0,1,1,2,66
281.0,2,0,0,1,2,3,66
282.0,2,0,0,1,2,3,66
283.0,2,0,0,1,1,2,66
284.0,2,0,0,1,1,2,66
285.0,2,0,0,1,1,2,66
286.0,2,1,0,1,2,4,66
287.0,3,0,0,1,2,3,67
288.0,3,0,0,1,2,3,67
289.0,3,0,0,1,2,3,67
290.0,4,0,0,0,0,0,68
291.0,4,1,0,0,0,1,68
292.0,4,0,0,0,0,0,68
293.0,4,0,0,0,0,0,68
294.0,4,0,0,0,0,0,68
295.0,4,0,1,0,0,1,68
296.0,4,0,1,0,0,1,68
297.0,5,0,1,0,0,1,69
298.0,5,0,1,0,0,1,69
299.0,5,0,1,0,0,1,69
300.0,6,0,1,0,0,1,70
301.0,6,0,1,0,0,1,70
302.0,6,0,1,0,0,1,70
303.0,6,0,1,0,0,1,70
304.0,6,0,1,0,0,1,70
305.0,7,0,1,0,0,1,71
306.0,7,0,3,0,0,3,71
307.0,7,0,2,0,0,2,71
308.0,0,0,0,0,0,0,72
309.0,0,0,0,0,0,0,72
310.0,0,0,0,1,0,1,72
311.0,0,0,0,1,1,2,72
312.0,0,0,0,1,0,1,72
313.0,0,0,0,1,0,1,72
314.0,0,0,0,1,0,1,72
315.0,0,0,0,1,0,1,72
316.0,1,1,0,1,0,2,73
317.0,1,0,0,1,0,1,73
318.0,1,0,0,1,0,1,73
319.0,2,0,0,1,0,1,74
320.0,2,0,0,1,0,1,74
321.0,2,0,0,1,0,1,74
322.0,2,0,0,2,0,2,74
323.0,2,0,0,3,1,4,74
324.0,3,0,0,3,1,4,75
325.0,3,0,1,3,1,5,75
326.0,3,1,1,3,1,6,75
327.0,4,0,1,1,0,2,76
328.0,4,0,1,0,0,1,76
329.0,4,0,1,0,0,1,76
330.0,4,0,1,0,0,1,76
331.0,4,0,1,0,0,1,76
332.0,4,0,1,0,0,1,76
333.0,4,0,1,0,0,1,76
334.0,4,0,1,0,0,1,76
335.0,5,0,1,0,0,1,77
336.0,5,0,1,0,0,1,77
337.0,5,0,1,0,0,1,77
338.0,6,1,1,0,0,2,78
339.0,6,1,1,0,0,2,78
340.0,6,1,1,0,0,2,78
341.0,6,2,1,0,0,3,78
342.0,6,1,1,0,0,2,78
343.0,7,1,1,0,0,2,79
344.0,7,1,1,0,0,2,79
345.0,7,1,1,0,0,2,79
346.0,0,0,0,1,0,1,80
347.0,0,0,0,0,0,0,80
348.0,0,0,0,0,0,0,80
349.0,0,0,0,0,0,0,80
350.0,0,0,0,0,0,0,80
351.0,1,0,0,0,0,0,81
352.0,1,0,0,0,0,0,81
353.0,1,0,1,0,0,1,81
354.0,2,0,0,0,0,0,82
355.0,2,0,0,0,0,0,82
356.0,2,0,0,1,0,1,82
357.0,2,0,0,0,0,0,82
358.0,2,0,0,0,0,0,82
359.0,2,0,0,0,0,0,82
360.0,2,0,0,0,0,0,82
361.0,2,1,0,0,0,1,82
362.0,2,1,1,0,0,2,82
363.0,2,1,1,0,0,2,82
364.0,3,1,1,0,0,2,83
365.0,3,1,1,0,0,2,83
366.0,3,1,1,1,0,3,83
367.0,4,1,1,0,0,2,84
368.0,4,1,1,0,0,2,84
369.0,4,1,1,0,0,2,84
370.0,4,1,1,0,0,2,84
371.0,4,1,1,0,0,2,84
372.0,5,1,1,0,0,2,85
373.0,5,1,1,0,0,2,85
374.0,5,1,1,0,0,2,85
375.0,6,1,1,0,0,2,86
376.0,6,1,1,1,1,4,86
377.0,6,1,1,1,0,3,86
378.0,6,1,1,1,0,3,86
379.0,6,1,1,1,0,3,86
380.0,7,1,1,1,0,3,87
381.0,7,2,1,1,0,4,87
382.0,7,1,1,1,0,3,87
383.0,0,0,0,1,0,1,88
384.0,0,0,0,1,0,1,88
385.0,0,0,0,1,0,1,88
386.0,0,0,0,2,0,2,88
387.0,0,0,0,2,1,3,88
388.0,1,0,0,2,1,3,89
389.0,1,0,0,2,1,3,89
390.0,1,0,0,2,1,3,89
391.0,2,0,1,2,1,4,90
392.0,2,0,0,2,1,3,90
393.0,2,0,0,2,1,3,90
394.0,2,0,0,2,1,3,90
395.0,2,0,0,2,1,3,90
396.0,2,0,0,2,1,3,90
397.0,2,0,0,2,1,3,90
398.0,2,0,0,2,1,3,90
399.0,3,0,0,2,1,3,91
400.0,3,0,0,2,1,3,91
401.0,3,0,1,2,1,4,91
402.0,4,1,0,1,0,2,92
403.0,4,1,0,0,0,1,92
404.0,4,1,0,0,0,1,92
405.0,4,1,0,0,0,1,92
406.0,4,1,0,0,0,1,92
407.0,5,1,0,0,0,1,93
408.0,5,1,0,0,0,1,93
409.0,5,1,0,0,0,1,93
410.0,6,1,0,0,0,1,94
411.0,6,1,0,0,0,1,94
412.0,6,1,0,0,0,1,94
413.0,6,1,0,0,0,1,94
414.0,6,1,0,0,0,1,94
415.0,6,1,0,0,0,1,94
416.0,6,1,0,0,0,1,94
417.0,6,1,0,0,0,1,94
418.0,6,1,0,0,0,1,94
419.0,6,1,0,0,0,1,94
420.0,7,1,0,0,0,1,95
421.0,7,1,0,0,0,1,95
422.0,7,1,0,0,0,1,95
423.0,0,0,0,0,0,0,96
424.0,0,0,0,0,0,0,96
425.0,0,0,0,0,0,0,96
426.0,0,0,1,0,0,1,96
427.0,0,0,0,0,1,1,96
428.0,1,0,0,0,1,1,97
429.0,1,0,0,0,1,1,97
430.0,1,0,0,0,1,1,97
431.0,2,0,0,0,1,1,98
432.0,2,0,0,0,1,1,98
433.0,2,0,0,1,1,2,98
434.0,2,0,0,1,1,2,98
435.0,2,0,0,1,1,2,98
436.0,3,0,0,2,1,3,99
437.0,3,0,1,2,1,4,99
438.0,3,0,1,2,1,4,99
439.0,4,0,1,0,0,1,100
440.0,4,0,1,0,0,1,100
441.0,4,0,1,1,0,2,100
442.0,4,0,1,0,0,1,100
443.0,4,0,1,0,0,1,100
444.0,4,0,1,0,0,1,100
445.0,4,0,1,0,0,1,100
446.0,4,0,1,0,0,1,100
447.0,5,0,1,0,0,1,101
448.0,5,0,1,0,0,1,101
449.0,5,0,1,0,0,1,101
450.0,6,0,1,1,0,2,102
451.0,6,0,1,1,0,2,102
452.0,6,0,1,1,0,2,102
453.0,6,0,1,2,1,4,102
454.0,6,0,1,2,1,4,102
455.0,7,0,1,2,1,4,103
456.0,7,0,1,3,1,5,103
457.0,7,0,1,2,1,4,103
458.0,0,0,0,2,1,3,104
459.0,0,0,0,2,1,3,104
460.0,0,0,0,2,1,3,104
461.0,0,0,1,2,1,4,104
462.0,0,0,0,2,1,3,104
463.0,1,0,0,2,1,3,105
464.0,1,0,0,2,1,3,105
465.0,1,0,0,2,1,3,105
466.0,2,1,0,3,1,5,106
467.0,2,0,0,3,1,4,106
468.0,2,0,0,4,1,5,106
469.0,2,0,0,4,1,5,106
470.0,2,0,0,4,1,5,106
471.0,2,0,0,4,1,5,106
472.0,3,0,0,4,1,5,107
473.0,3,0,0,4,1,5,107
474.0,3,0,0,4,1,5,107
475.0,4,0,0,2,0,2,108
476.0,4,1,0,1,0,2,108
477.0,4,0,1,0,0,1,108
478.0,4,0,1,0,0,1,108
479.0,4,0,1,0,0,1,108
480.0,5,0,1,0,0,1,109
481.0,5,0,1,0,0,1,109
482.0,5,0,1,1,0,2,109
483.0,6,0,1,1,0,2,110
484.0,6,0,1,1,0,2,110
485.0,6,0,1,1,0,2,110
486.0,6,1,1,1,0,3,110
487.0,6,0,1,1,0,2,110
488.0,7,0,1,1,0,2,111
489.0,7,0,1,1,0,2,111
490.0,7,1,1,1,0,3,111
491.0,0,0,0,1,0,1,112
492.0,0,0,0,1,0,1,112
493.0,0,0,0,1,0,1,112
494.0,0,0,0,1,0,1,112
495.0,0,0,0,1,0,1,112
496.0,0,0,0,1,0,1,112
497.0,0,0,0,1,0,1,112
498.0,0,0,0,1,0,1,112
499.0,0,0,0,1,0,1,112
500.0,1,0,1,1,0,2,113
501.0,1,0,0,1,0,1,113
502.0,1,0,0,1,0,1,113
503.0,2,0,1,1,0,2,114
504.0,2,0,0,1,0,1,114
505.0,2,0,0,1,0,1,114
506.0,2,0,0,1,0,1,114
507.0,2,0,0,2,0,2,114
508.0,3,1,0,2,0,3,115
509.0,3,1,0,2,0,3,115
510.0,3,1,0,2,0,3,115
511.0,4,1,0,1,0,2,116
512.0,4,1,0,0,0,1,116
513.0,4,1,0,0,0,1,116
514.0,4,1,0,0,0,1,116
515.0,4,1,1,0,0,2,116
516.0,4,1,1,1,0,3,116
517.0,4,1,1,0,0,2,116
518.0,4,1,1,0,0,2,116
519.0,4,1,1,0,0,2,116
520.0,5,1,1,0,0,2,117
521.0,5,1,1,1,0,3,117
522.0,5,1,1,0,0,2,117
523.0,6,1,1,0,0,2,118
524.0,6,1,1,0,0,2,118
525.0,6,1,1,0,0,2,118
526.0,6,1,1,0,0,2,118
527.0,6,1,1,1,0,3,118
528.0,6,1,1,1,0,3,118
529.0,6,1,1,1,0,3,118
530.0,6,1,1,1,0,3,118
531.0,6,1,1,1,1,4,118
532.0,6,1,1,1,0,3,118
533.0,7,1,1,1,0,3,119
534.0,7,1,2,1,0,4,119
535.0,7,1,2,1,0,4,119
536.0,0,0,1,1,0,2,120
537.0,0,0,0,1,0,1,120
538.0,0,0,0,1,0,1,120
539.0,0,0,0,1,0,1,120
540.0,0,0,0,2,0,2,120
541.0,1,0,0,2,0,2,121
542.0,1,0,0,2,1,3,121
543.0,1,0,0,2,1,3,121
544.0,2,0,0,2,1,3,122
545.0,2,0,1,2,1,4,122
546.0,2,1,0,2,1,4,122
547.0,2,0,0,2,1,3,122
548.0,2,0,0,2,1,3,122
549.0,3,0,0,2,1,3,123
550.0,3,0,0,2,1,3,123
551.0,3,0,2,2,1,5,123
552.0,4,0,1,1,0,2,124
553.0,4,0,1,0,0,1,124
554.0,4,0,1,0,0,1,124
555.0,4,0,2,0,0,2,124
556.0,4,0,3,0,0,3,124
557.0,5,0,2,0,0,2,125
558.0,5,0,2,0,0,2,125
559.0,5,0,2,0,0,2,125
560.0,6,0,2,0,0,2,126
561.0,6,0,3,0,0,3,126
562.0,6,0,2,0,0,2,126
563.0,6,0,3,0,0,3,126
564.0,6,0,3,0,0,3,126
565.0,7,0,3,0,0,3,127
566.0,7,0,3,0,0,3,127
567.0,7,0,4,0,0,4,127
568.0,0,0,2,0,0,2,128
569.0,0,0,0,0,0,0,128
570.0,0,0,0,0,0,0,128
571.0,0,0,0,0,0,0,128
572.0,0,0,0,0,0,0,128
573.0,1,0,0,0,1,1,129
574.0,1,0,0,1,1,2,129
575.0,1,0,0,1,1,2,129
576.0,2,0,0,1,1,2,130
577.0,2,0,1,1,1,3,130
578.0,2,0,1,1,1,3,130
579.0,2,0,1,1,1,3,130
580.0,2,0,1,1,1,3,130
581.0,3,0,1,2,2,5,131
582.0,3,0,1,2,1,4,131
583.0,3,0,1,2,1,4,131
584.0,4,0,1,0,0,1,132
585.0,4,0,1,0,0,1,132
586.0,4,0,1,0,0,1,132
587.0,4,0,1,0,0,1,132
588.0,4,0,1,0,0,1,132
589.0,4,0,1,0,0,1,132
590.0,4,0,1,0,0,1,132
591.0,4,0,2,0,0,2,132
592.0,5,0,1,0,0,1,133
593.0,5,0,1,0,0,1,133
594.0,5,0,1,0,0,1,133
595.0,6,0,1,0,0,1,134
596.0,6,0,1,0,0,1,134
597.0,6,0,1,0,0,1,134
598.0,6,0,1,0,0,1,134
599.0,6,0,1,0,0,1,134
600.0,7,0,1,0,0,1,135
601.0,7,0,2,0,1,3,135
602.0,7,0,3,0,0,3,135
603.0,0,0,2,0,0,2,136
604.0,0,0,1,0,0,1,136
605.0,0,0,0,0,0,0,136
606.0,0,0,0,0,1,1,136
607.0,0,0,0,1,0,1,136
608.0,1,0,0,1,0,1,137
609.0,1,0,0,1,0,1,137
610.0,1,0,0,1,0,1,137
611.0,2,0,0,1,0,1,138
612.0,2,0,0,2,0,2,138
613.0,2,0,0,2,1,3,138
614.0,2,0,0,2,1,3,138
615.0,2,0,0,2,1,3,138
616.0,3,0,0,2,1,3,139
617.0,3,0,0,2,2,4,139
618.0,3,0,0,2,2,4,139
619.0,4,0,0,0,0,0,140
620.0,4,0,0,0,0,0,140
621.0,4,0,1,0,0,1,140
622.0,4,0,0,0,0,0,140
623.0,4,0,1,0,0,1,140
624.0,5,0,1,0,0,1,141
625.0,5,0,1,0,0,1,141
626.0,5,0,1,0,0,1,141
627.0,6,0,1,0,0,1,142
628.0,6,0,1,0,0,1,142
629.0,6,0,1,0,0,1,142
630.0,6,0,1,0,0,1,142
631.0,6,0,2,2,0,4,142
632.0,7,0,2,1,0,3,143
633.0,7,0,2,1,0,3,143
634.0,7,0,2,1,0,3,143
635.0,0,0,1,1,0,2,144
636.0,0,0,0,2,0,2,144
637.0,0,0,0,1,0,1,144
638.0,0,0,0,1,0,1,144
639.0,0,0,0,1,0,1,144
640.0,1,0,0,1,0,1,145
641.0,1,0,0,1,0,1,145
642.0,1,0,0,1,0,1,145
643.0,2,0,0,2,0,2,146
644.0,2,0,0,2,0,2,146
645.0,2,0,0,2,0,2,146
646.0,2,0,0,2,0,2,146
647.0,2,0,0,3,0,3,146
648.0,3,0,0,3,0,3,147
649.0,3,0,0,3,0,3,147
650.0,3,0,0,3,0,3,147
651.0,4,0,1,1,0,2,148
652.0,4,0,0,0,0,0,148
653.0,4,0,0,0,0,0,148
654.0,4,0,0,0,0,0,148
655.0,4,0,0,0,0,0,148
656.0,5,0,0,1,0,1,149
657.0,5,0,0,0,0,0,149
658.0,5,0,0,0,0,0,149
659.0,6,0,0,0,0,0,150
660.0,6,0,0,0,0,0,150
661.0,6,0,0,0,0,0,150
662.0,6,0,1,0,0,1,150
663.0,6,0,1,0,0,1,150
664.0,7,0,1,0,0,1,151
665.0,7,0,1,0,0,1,151
666.0,7,0,1,0,0,1,151
667.0,0,0,0,0,0,0,152
668.0,0,0,0,0,0,0,152
669.0,0,0,0,0,0,0,152
670.0,0,0,0,0,0,0,152
671.0,0,0,0,1,0,1,152
672.0,1,0,0,0,0,0,153
673.0,1,0,0,0,0,0,153
674.0,1,0,0,0,0,0,153
675.0,2,0,0,0,0,0,154
676.0,2,0,0,0,0,0,154
677.0,2,0,0,0,0,0,154
678.0,2,0,0,0,0,0,154
679.0,2,0,0,0,0,0,154
680.0,3,0,0,0,0,0,155
681.0,3,1,0,0,0,1,155
682.0,3,0,0,1,0,1,155
683.0,4,0,0,0,0,0,156
684.0,4,0,0,0,0,0,156
685.0,4,0,0,0,0,0,156
686.0,4,0,0,0,0,0,156
687.0,4,0,0,0,0,0,156
688.0,5,0,0,0,0,0,157
689.0,5,0,0,0,0,0,157
690.0,5,0,0,0,0,0,157
691.0,6,0,0,0,0,0,158
692.0,6,0,0,0,0,0,158
693.0,6,0,1,0,0,1,158
694.0,6,0,1,0,0,1,158
695.0,6,0,1,0,0,1,158
696.0,7,0,1,0,0,1,159
697.0,7,0,1,0,0,1,159
698.0,7,0,1,0,0,1,159
699.0,0,0,0,0,0,0,160
700.0,0,0,0,0,0,0,160
701.0,0,0,0,1,0,1,160
702.0,0,0,0,0,0,0,160
703.0,0,0,0,0,0,0,160
704.0,1,0,0,0,0,0,161
705.0,1,0,0,0,0,0,161
706.0,1,0,1,0,0,1,161
707.0,2,0,0,0,0,0,162
708.0,2,0,0,0,0,0,162
709.0,2,0,0,0,0,0,162
710.0,2,0,0,0,0,0,162
711.0,2,0,0,0,0,0,162
712.0,3,0,0,0,0,0,163
713.0,3,0,0,1,0,1,163
714.0,3,0,0,1,0,1,163
715.0,4,0,0,0,0,0,164
716.0,4,0,0,1,0,1,164
717.0,4,0,1,0,0,1,164
718.0,4,0,1,0,0,1,164
719.0,4,0,1,0,0,1,164
720.0,4,0,1,0,0,1,164
721.0,4,0,1,0,0,1,164
722.0,4,0,1,0,0,1,164
723.0,4,0,1,0,0,1,164
724.0,4,0,1,0,0,1,164
725.0,4,0,1,0,0,1,164
726.0,5,0,2,0,0,2,165
727.0,5,0,1,0,0,1,165
728.0,5,0,1,0,0,1,165
729.0,6,0,1,0,0,1,166
730.0,6,0,1,0,0,1,166
731.0,6,1,1,1,0,3,166
732.0,6,0,1,1,0,2,166
733.0,6,0,1,1,0,2,166
734.0,7,0,1,1,0,2,167
735.0,7,0,1,1,0,2,167
736.0,7,1,1,1,0,3,167
737.0,0,0,0,1,0,1,168
738.0,0,0,0,1,0,1,168
739.0,0,0,0,2,0,2,168
740.0,0,0,0,2,0,2,168
741.0,0,0,0,3,0,3,168
742.0,1,0,0,2,0,2,169
743.0,1,0,0,3,0,3,169
744.0,1,0,0,3,0,3,169
745.0,2,0,0,3,0,3,170
746.0,2,0,0,3,0,3,170
747.0,2,0,0,3,0,3,170
748.0,2,0,0,3,0,3,170
749.0,2,0,0,3,0,3,170
750.0,3,0,0,4,0,4,171
751.0,3,0,1,4,0,5,171
752.0,3,0,0,4,0,4,171
753.0,4,1,0,2,0,3,172
754.0,4,1,0,1,0,2,172
755.0,4,1,0,0,0,1,172
756.0,4,1,0,0,0,1,172
757.0,4,1,0,0,0,1,172
758.0,5,1,0,0,0,1,173
759.0,5,2,0,1,0,3,173
760.0,5,2,0,1,0,3,173
761.0,6,2,0,1,0,3,174
762.0,6,2,0,1,0,3,174
763.0,6,2,0,1,0,3,174
764.0,6,2,1,1,0,4,174
765.0,6,2,1,1,0,4,174
766.0,7,3,1,1,0,5,175
767.0,7,2,1,1,0,4,175
768.0,7,2,1,1,0,4,175
769.0,0,0,0,1,0,1,176
770.0,0,0,0,1,0,1,176
771.0,0,0,0,1,0,1,176
772.0,0,0,0,1,0,1,176
773.0,0,0,0,1,0,1,176
774.0,1,0,0,2,0,2,177
775.0,1,0,0,1,0,1,177
776.0,1,0,0,1,0,1,177
777.0,2,0,0,2,0,2,178
778.0,2,0,0,1,0,1,178
779.0,2,0,0,1,0,1,178
780.0,2,0,0,2,0,2,178
781.0,2,0,0,2,0,2,178
782.0,2,0,0,2,0,2,178
783.0,3,0,0,2,0,2,179
784.0,3,0,0,2,0,2,179
785.0,3,0,0,3,0,3,179
786.0,4,0,0,2,1,3,180
787.0,4,0,0,1,0,1,180
788.0,4,0,0,0,0,0,180
789.0,4,0,0,0,0,0,180
790.0,4,1,0,0,0,1,180
791.0,5,1,0,0,1,2,181
792.0,5,1,0,0,0,1,181
793.0,5,1,0,0,0,1,181
794.0,6,1,0,0,0,1,182
795.0,6,1,0,1,0,2,182
796.0,6,1,0,1,0,2,182
797.0,6,1,0,1,0,2,182
798.0,6,1,0,1,0,2,182
799.0,7,1,0,1,0,2,183
800.0,7,1,0,1,0,2,183
801.0,7,1,0,1,0,2,183
802.0,0,0,0,1,0,1,184
803.0,0,0,0,1,1,2,184
804.0,0,0,0,1,1,2,184
805.0,0,0,0,1,1,2,184
806.0,0,0,0,1,1,2,184
807.0,1,0,0,1,1,2,185
808.0,1,0,0,1,1,2,185
809.0,1,0,0,1,1,2,185
810.0,2,0,0,1,1,2,186
811.0,2,0,0,2,1,3,186
812.0,2,0,0,2,1,3,186
813.0,2,0,0,2,1,3,186
814.0,2,0,0,2,1,3,186
815.0,3,0,0,2,1,3,187
816.0,3,0,0,2,2,4,187
817.0,3,0,0,2,1,3,187
818.0,4,0,0,0,1,1,188
819.0,4,0,0,0,0,0,188
820.0,4,0,0,0,0,0,188
821.0,4,0,0,0,0,0,188
822.0,4,0,0,0,0,0,188
823.0,4,0,0,0,0,0,188
824.0,4,0,0,0,0,0,188
825.0,4,0,0,0,0,0,188
826.0,5,0,0,1,0,1,189
827.0,5,0,0,0,0,0,189
828.0,5,0,0,0,0,0,189
829.0,6,0,0,0,0,0,190
830.0,6,0,0,0,0,0,190
831.0,6,0,1,0,1,2,190
832.0,6,0,1,0,1,2,190
833.0,6,0,1,0,1,2,190
834.0,6,0,1,0,1,2,190
835.0,6,0,1,0,1,2,190
836.0,7,0,1,0,2,3,191
837.0,7,0,1,0,1,2,191
838.0,7,0,1,0,1,2,191
839.0,0,0,0,0,1,1,192
840.0,0,0,0,0,1,1,192
841.0,0,0,0,0,2,2,192
842.0,0,0,0,0,2,2,192
843.0,0,0,0,0,2,2,192
844.0,1,0,0,0,2,2,193
845.0,1,0,0,0,2,2,193
846.0,1,0,0,0,2,2,193
847.0,2,0,0,0,3,3,194
848.0,2,0,0,0,3,3,194
849.0,2,0,0,0,3,3,194
850.0,2,0,0,0,3,3,194
851.0,2,0,0,0,3,3,194
852.0,3,0,0,0,3,3,195
853.0,3,0,0,0,3,3,195
854.0,3,0,0,0,3,3,195
855.0,4,0,0,0,1,1,196
856.0,4,0,0,1,0,1,196
857.0,4,0,0,0,0,0,196
858.0,4,0,0,0,0,0,196
859.0,4,0,0,0,0,0,196
860.0,4,0,0,0,0,0,196
861.0,5,0,0,1,0,1,197
862.0,5,0,0,0,0,0,197
863.0,5,0,0,0,0,0,197
864.0,6,0,0,0,0,0,198
865.0,6,0,0,0,0,0,198
866.0,6,0,0,0,1,1,198
867.0,6,0,0,0,0,0,198
868.0,6,0,0,0,0,0,198
869.0,7,0,0,0,0,0,199
870.0,7,0,0,0,0,0,199
871.0,7,0,1,1,0,2,199
872.0,0,0,0,1,0,1,200
873.0,0,0,0,1,0,1,200
874.0,0,0,0,1,0,1,200
875.0,0,0,0,1,0,1,200
876.0,0,1,0,1,0,2,200
877.0,1,0,0,1,1,2,201
878.0,1,0,0,1,1,2,201
879.0,1,0,0,1,1,2,201
880.0,2,0,0,1,2,3,202
881.0,2,0,0,1,2,3,202
882.0,2,0,0,1,1,2,202
883.0,2,0,0,1,1,2,202
884.0,2,0,0,1,1,2,202
885.0,3,0,0,1,1,2,203
886.0,3,0,1,1,2,4,203
887.0,3,0,0,1,2,3,203
888.0,4,0,0,0,1,1,204
889.0,4,0,0,0,0,0,204
890.0,4,0,0,0,0,0,204
891.0,4,0,1,0,0,1,204
892.0,4,0,0,0,0,0,204
893.0,4,0,0,0,0,0,204
894.0,4,0,0,0,0,0,204
895.0,4,0,0,0,0,0,204
896.0,4,0,0,0,0,0,204
897.0,5,0,1,0,0,1,205
898.0,5,1,1,0,0,2,205
899.0,5,1,1,0,0,2,205
900.0,6,1,1,0,0,2,206
901.0,6,1,1,1,0,3,206
902.0,6,1,1,1,0,3,206
903.0,6,1,2,1,0,4,206
904.0,6,1,2,1,0,4,206
905.0,7,1,2,1,0,4,207
906.0,7,2,2,1,0,5,207
907.0,7,1,2,1,0,4,207
908.0,0,0,0,1,0,1,208
909.0,0,0,0,1,0,1,208
910.0,0,0,0,1,0,1,208
911.0,0,0,0,1,1,2,208
912.0,0,0,0,1,0,1,208
913.0,1,0,0,1,0,1,209
914.0,1,0,0,1,0,1,209
915.0,1,0,0,1,0,1,209
916.0,2,0,1,1,0,2,210
917.0,2,0,0,1,0,1,210
918.0,2,0,0,1,0,1,210
919.0,2,0,0,1,0,1,210
920.0,2,0,0,1,0,1,210
921.0,3,0,1,1,1,3,211
922.0,3,0,0,1,1,2,211
923.0,3,0,0,1,1,2,211
924.0,4,0,0,0,0,0,212
925.0,4,0,0,0,0,0,212
926.0,4,0,2,0,0,2,212
927.0,4,0,1,0,0,1,212
928.0,4,0,1,0,0,1,212
929.0,5,1,1,0,0,2,213
930.0,5,1,1,0,0,2,213
931.0,5,1,1,1,0,3,213
932.0,6,1,2,0,0,3,214
933.0,6,1,2,0,0,3,214
934.0,6,1,2,0,0,3,214
935.0,6,1,2,0,1,4,214
936.0,6,1,2,1,1,5,214
937.0,7,1,3,1,2,7,215
938.0,7,1,3,1,2,7,215
939.0,7,1,3,1,2,7,215
940.0,0,0,1,1,2,4,216
941.0,0,0,0,1,3,4,216
942.0,0,0,0,2,2,4,216
943.0,0,0,0,2,2,4,216
944.0,0,0,0,2,2,4,216
945.0,1,0,0,2,2,4,217
946.0,1,0,0,2,2,4,217
947.0,1,0,0,2,2,4,217
948.0,2,0,0,2,2,4,218
949.0,2,0,0,2,2,4,218
950.0,2,0,0,2,2,4,218
951.0,2,0,0,2,2,4,218
952.0,2,0,0,2,2,4,218
953.0,3,0,0,2,3,5,219
954.0,3,0,0,2,3,5,219
955.0,3,0,0,2,3,5,219
956.0,4,1,0,0,1,2,220
957.0,4,0,0,0,0,0,220
958.0,4,0,0,0,0,0,220
959.0,4,0,0,0,0,0,220
960.0,4,0,0,0,0,0,220
961.0,5,0,0,0,0,0,221
962.0,5,0,0,0,0,0,221
963.0,5,0,0,0,0,0,221
964.0,6,0,1,0,0,1,222
965.0,6,0,1,0,0,1,222
966.0,6,0,1,1,0,2,222
967.0,6,0,1,0,0,1,222
968.0,6,0,1,0,0,1,222
969.0,7,0,1,0,0,1,223
970.0,7,0,1,0,0,1,223
971.0,7,0,1,0,0,1,223
972.0,0,0,0,1,0,1,224
973.0,0,0,0,1,0,1,224
974.0,0,0,0,1,0,1,224
975.0,0,0,0,1,0,1,224
976.0,0,0,1,1,0,2,224
977.0,1,0,0,2,0,2,225
978.0,1,0,0,2,0,2,225
979.0,1,0,0,2,0,2,225
980.0,2,0,0,2,0,2,226
981.0,2,1,0,2,0,3,226
982.0,2,0,0,2,0,2,226
983.0,2,0,0,2,0,2,226
984.0,2,0,0,2,0,2,226
985.0,2,0,0,2,0,2,226
986.0,2,0,0,2,0,2,226
987.0,2,0,0,2,0,2,226
988.0,3,0,0,2,0,2,227
989.0,3,0,0,2,0,2,227
990.0,3,0,0,2,0,2,227
991.0,4,0,0,2,0,2,228
992.0,4,0,0,0,0,0,228
993.0,4,0,0,0,0,0,228
994.0,4,0,0,0,0,0,228
995.0,4,0,0,0,0,0,228
996.0,5,0,1,0,0,1,229
997.0,5,0,0,0,0,0,229
998.0,5,0,0,0,0,0,229
999.0,6,0,0,0,0,0,230
1000.0,6,0,0,0,0,0,230
1001.0,6,0,0,0,0,0,230
1002.0,6,0,0,0,0,0,230
1003.0,6,0,0,0,0,0,230
1004.0,7,1,0,0,0,1,231
1005.0,7,1,0,1,0,2,231
1006.0,7,1,0,1,0,2,231
1007.0,0,0,0,1,0,1,232
1008.0,0,0,0,1,0,1,232
1009.0,0,0,0,1,0,1,232
1010.0,0,0,0,1,0,1,232
1011.0,0,0,0,1,0,1,232
1012.0,1,0,0,1,0,1,233
1013.0,1,0,0,1,0,1,233
1014.0,1,0,0,1,0,1,233
1015.0,2,0,0,1,0,1,234
1016.0,2,0,0,1,0,1,234
1017.0,2,0,0,2,0,2,234
1018.0,2,0,0,2,0,2,234
1019.0,2,0,0,2,0,2,234
1020.0,3,0,0,2,0,2,235
1021.0,3,0,0,2,1,3,235
1022.0,3,0,0,2,0,2,235
1023.0,4,0,0,1,0,1,236
1024.0,4,0,0,0,0,0,236
1025.0,4,0,0,0,0,0,236
1026.0,4,0,0,1,0,1,236
1027.0,4,0,0,0,0,0,236
1028.0,4,0,0,0,0,0,236
1029.0,4,0,0,0,0,0,236
1030.0,4,0,0,0,0,0,236
1031.0,4,0,1,0,0,1,236
1032.0,4,0,1,0,0,1,236
1033.0,4,0,1,0,0,1,236
1034.0,4,0,1,0,0,1,236
1035.0,4,0,1,0,0,1,236
1036.0,5,0,2,0,0,2,237
1037.0,5,0,1,0,0,1,237
1038.0,5,0,1,0,0,1,237
1039.0,6,0,1,0,0,1,238
1040.0,6,0,1,0,0,1,238
1041.0,6,0,2,0,0,2,238
1042.0,6,0,2,0,0,2,238
1043.0,6,0,2,0,0,2,238
1044.0,7,0,3,0,0,3,239
1045.0,7,0,3,0,0,3,239
1046.0,7,0,4,0,0,4,239
1047.0,0,0,2,0,0,2,240
1048.0,0,0,0,0,0,0,240
1049.0,0,0,0,0,0,0,240
1050.0,0,0,0,0,0,0,240
1051.0,0,0,0,0,1,1,240
1052.0,1,0,0,0,1,1,241
1053.0,1,0,0,0,1,1,241
1054.0,1,0,0,0,1,1,241
1055.0,2,0,0,0,1,1,242
1056.0,2,0,1,0,1,2,242
1057.0,2,0,0,0,1,1,242
1058.0,2,0,0,0,1,1,242
1059.0,2,0,0,0,1,1,242
1060.0,3,0,0,0,1,1,243
1061.0,3,0,0,0,1,1,243
1062.0,3,0,0,0,2,2,243
1063.0,4,0,0,0,0,0,244
1064.0,4,0,0,0,0,0,244
1065.0,4,0,0,0,0,0,244
1066.0,4,0,1,0,0,1,244
1067.0,4,0,1,0,0,1,244
1068.0,5,0,1,0,0,1,245
1069.0,5,0,1,0,0,1,245
1070.0,5,0,1,0,0,1,245
1071.0,6,0,1,0,0,1,246
1072.0,6,0,1,0,0,1,246
1073.0,6,0,1,0,0,1,246
1074.0,6,0,1,0,0,1,246
1075.0,6,0,1,0,0,1,246
1076.0,7,0,2,0,0,2,247
1077.0,7,0,1,0,0,1,247
1078.0,7,0,1,0,0,1,247
1079.0,0,0,0,0,0,0,248
1080.0,0,0,0,0,1,1,248
1081.0,0,0,0,0,1,1,248
1082.0,0,0,0,0,1,1,248
1083.0,0,0,0,0,1,1,248
1084.0,0,0,0,0,1,1,248
1085.0,0,0,0,1,1,2,248
1086.0,0,0,0,1,1,2,248
1087.0,0,0,0,1,1,2,248
1088.0,1,0,0,1,1,2,249
1089.0,1,0,0,2,1,3,249
1090.0,1,0,0,2,1,3,249
1091.0,2,0,0,2,1,3,250
1092.0,2,0,0,2,1,3,250
1093.0,2,0,0,2,1,3,250
1094.0,2,0,0,2,1,3,250
1095.0,2,0,0,2,1,3,250
1096.0,2,0,1,2,1,4,250
1097.0,2,0,0,2,1,3,250
1098.0,2,0,0,2,1,3,250
1099.0,2,0,0,2,1,3,250
1100.0,3,0,0,2,1,3,251
1101.0,3,0,0,2,1,3,251
1102.0,3,0,0,3,1,4,251
1103.0,4,0,0,2,0,2,252
1104.0,4,0,0,1,0,1,252
1105.0,4,0,0,0,0,0,252
1106.0,4,0,0,1,0,1,252
1107.0,4,0,1,0,0,1,252
1108.0,4,0,1,0,0,1,252
1109.0,5,0,1,0,0,1,253
1110.0,5,0,1,0,0,1,253
1111.0,5,0,1,1,1,3,253
1112.0,6,0,1,1,0,2,254
1113.0,6,0,1,1,0,2,254
1114.0,6,0,1,1,0,2,254
1115.0,6,0,1,1,0,2,254
1116.0,6,0,1,1,0,2,254
1117.0,6,0,1,1,0,2,254
1118.0,6,0,1,1,0,2,254
1119.0,6,0,1,1,0,2,254
1120.0,7,0,1,1,0,2,255
1121.0,7,0,1,1,0,2,255
1122.0,7,0,1,1,0,2,255
1123.0,0,0,0,1,0,1,256
1124.0,0,0,0,1,0,1,256
1125.0,0,0,0,1,0,1,256
1126.0,0,1,0,1,0,2,256
1127.0,0,0,0,1,0,1,256
1128.0,1,0,0,1,0,1,257
1129.0,1,0,0,1,0,1,257
1130.0,1,0,0,1,0,1,257
1131.0,2,0,0,1,0,1,258
1132.0,2,0,0,1,0,1,258
1133.0,2,0,0,1,0,1,258
1134.0,2,0,0,1,0,1,258
1135.0,2,0,0,1,0,1,258
1136.0,3,0,0,1,0,1,259
1137.0,3,0,0,1,0,1,259
1138.0,3,0,0,2,0,2,259
1139.0,4,0,0,0,0,0,260
1140.0,4,0,0,0,0,0,260
1141.0,4,0,0,0,1,1,260
1142.0,4,0,0,0,0,0,260
1143.0,4,0,0,0,0,0,260
1144.0,5,0,0,0,0,0,261
1145.0,5,0,0,0,0,0,261
1146.0,5,0,0,0,0,0,261
1147.0,6,0,0,0,0,0,262
1148.0,6,1,0,0,1,2,262
1149.0,6,1,0,0,0,1,262
1150.0,6,1,0,0,0,1,262
1151.0,6,1,0,1,0,2,262
1152.0,7,1,0,0,1,2,263
1153.0,7,1,0,0,1,2,263
1154.0,7,1,0,0,1,2,263
1155.0,0,0,0,0,2,2,264
1156.0,0,0,0,0,2,2,264
1157.0,0,0,0,0,2,2,264
1158.0,0,0,0,0,2,2,264
1159.0,0,0,0,0,3,3,264
1160.0,0,0,0,0,3,3,264
1161.0,1,1,0,0,3,4,265
1162.0,1,0,0,1,3,4,265
1163.0,1,0,0,1,3,4,265
1164.0,2,0,0,1,3,4,266
1165.0,2,0,0,1,3,4,266
1166.0,2,0,0,1,3,4,266
1167.0,2,0,0,1,3,4,266
1168.0,2,0,0,1,3,4,266
1169.0,3,0,0,1,3,4,267
1170.0,3,0,0,1,3,4,267
1171.0,3,0,0,2,3,5,267
1172.0,4,0,0,0,1,1,268
1173.0,4,0,0,0,0,0,268
1174.0,4,0,0,0,0,0,268
1175.0,4,0,0,0,0,0,268
1176.0,4,1,0,0,0,1,268
1177.0,4,0,0,0,0,0,268
1178.0,4,0,0,0,0,0,268
1179.0,4,0,0,0,0,0,268
1180.0,4,0,0,0,0,0,268
1181.0,4,0,0,0,0,0,268
1182.0,4,0,0,0,0,0,268
1183.0,4,1,0,0,0,1,268
1184.0,4,1,0,0,0,1,268
1185.0,5,1,0,0,0,1,269
1186.0,5,1,0,0,0,1,269
1187.0,5,1,0,0,0,1,269
1188.0,6,1,0,0,0,1,270
1189.0,6,1,0,0,0,1,270
1190.0,6,1,0,0,1,2,270
1191.0,6,1,0,0,1,2,270
1192.0,6,1,0,0,1,2,270
1193.0,7,1,0,0,1,2,271
1194.0,7,1,0,0,1,2,271
1195.0,7,1,0,0,1,2,271
1196.0,0,0,0,0,1,1,272
1197.0,0,0,0,0,1,1,272
1198.0,0,0,0,0,1,1,272
1199.0,0,0,0,0,1,1,272
1200.0,0,0,0,0,1,1,272
1201.0,1,1,0,1,1,3,273
1202.0,1,0,0,1,1,2,273
1203.0,1,0,0,1,1,2,273
1204.0,2,0,0,1,1,2,274
1205.0,2,0,0,1,1,2,274
1206.0,2,0,0,1,1,2,274
1207.0,2,0,0,1,1,2,274
1208.0,2,0,0,1,1,2,274
1209.0,2,0,0,1,1,2,274
1210.0,2,0,0,1,1,2,274
1211.0,3,0,1,1,1,3,275
1212.0,3,0,0,2,1,3,275
1213.0,3,0,0,2,1,3,275
1214.0,4,0,0,0,0,0,276
1215.0,4,0,0,0,0,0,276
1216.0,4,1,0,0,0,1,276
1217.0,4,0,0,0,0,0,276
1218.0,4,0,0,0,0,0,276
1219.0,5,0,0,0,0,0,277
1220.0,5,0,1,0,0,1,277
1221.0,5,0,1,0,0,1,277
1222.0,6,0,1,0,0,1,278
1223.0,6,0,1,0,0,1,278
1224.0,6,1,1,0,0,2,278
1225.0,6,1,1,0,0,2,278
1226.0,6,1,2,0,0,3,278
1227.0,7,1,1,0,0,2,279
1228.0,7,1,1,0,0,2,279
1229.0,7,1,1,0,0,2,279
1230.0,0,0,0,0,0,0,280
1231.0,0,0,0,0,1,1,280
1232.0,0,0,0,0,0,0,280
1233.0,0,0,0,0,0,0,280
1234.0,0,0,0,0,0,0,280
1235.0,0,0,0,0,0,0,280
1236.0,0,0,0,1,0,1,280
1237.0,1,0,0,0,0,0,281
1238.0,1,0,0,0,0,0,281
1239.0,1,0,0,0,0,0,281
1240.0,2,0,0,0,0,0,282
1241.0,2,0,0,1,0,1,282
1242.0,2,0,0,0,0,0,282
1243.0,2,0,0,0,1,1,282
1244.0,2,0,0,0,1,1,282
1245.0,2,0,0,0,1,1,282
1246.0,2,1,0,0,1,2,282
1247.0,3,0,0,1,1,2,283
1248.0,3,0,0,1,1,2,283
1249.0,3,0,0,1,1,2,283
1250.0,4,0,0,0,0,0,284
1251.0,4,0,1,0,0,1,284
1252.0,4,0,0,0,0,0,284
1253.0,4,0,0,0,0,0,284
1254.0,4,0,0,0,0,0,284
1255.0,5,0,0,0,0,0,285
1256.0,5,0,0,0,1,1,285
1257.0,5,0,0,0,0,0,285
1258.0,6,0,0,0,0,0,286
1259.0,6,0,0,0,0,0,286
1260.0,6,0,0,0,0,0,286
1261.0,6,0,0,1,0,1,286
1262.0,6,0,1,0,0,1,286
1263.0,7,0,1,0,0,1,287
1264.0,7,0,1,0,0,1,287
1265.0,7,0,1,0,0,1,287
1266.0,0,0,0,0,0,0,288
1267.0,0,0,0,0,0,0,288
1268.0,0,0,0,0,0,0,288
1269.0,0,0,0,0,0,0,288
1270.0,0,0,0,0,0,0,288
1271.0,1,0,0,1,0,1,289
1272.0,1,0,0,1,0,1,289
1273.0,1,0,0,1,0,1,289
1274.0,2,0,0,1,0,1,290
1275.0,2,0,0,1,0,1,290
1276.0,2,0,0,2,0,2,290
1277.0,2,0,0,1,0,1,290
1278.0,2,0,0,1,0,1,290
1279.0,3,0,0,1,0,1,291
1280.0,3,0,0,1,0,1,291
1281.0,3,1,0,1,0,2,291
1282.0,4,0,0,0,0,0,292
1283.0,4,0,0,0,0,0,292
1284.0,4,0,0,0,0,0,292
1285.0,4,0,0,0,0,0,292
1286.0,4,0,0,0,0,0,292
1287.0,5,0,0,0,0,0,293
1288.0,5,0,0,0,0,0,293
1289.0,5,0,0,0,0,0,293
1290.0,6,0,0,1,0,1,294
1291.0,6,0,0,1,1,2,294
1292.0,6,0,0,1,0,1,294
1293.0,6,0,0,1,0,1,294
1294.0,6,0,0,1,0,1,294
1295.0,7,0,0,1,0,1,295
1296.0,7,0,1,1,0,2,295
1297.0,7,0,0,1,0,1,295
1298.0,0,0,0,1,1,2,296
1299.0,0,0,0,1,1,2,296
1300.0,0,0,0,1,1,2,296
1301.0,0,0,0,1,2,3,296
1302.0,0,0,0,1,2,3,296
1303.0,0,0,0,1,2,3,296
1304.0,0,0,0,1,2,3,296
1305.0,0,0,0,1,3,4,296
1306.0,0,0,0,1,3,4,296
1307.0,1,0,0,2,3,5,297
1308.0,1,0,0,2,3,5,297
1309.0,1,0,0,2,3,5,297
1310.0,2,0,0,2,3,5,298
1311.0,2,1,0,2,4,7,298
1312.0,2,0,0,2,4,6,298
1313.0,2,0,0,2,4,6,298
1314.0,2,0,0,2,4,6,298
1315.0,3,0,0,2,4,6,299
1316.0,3,0,0,2,4,6,299
1317.0,3,0,0,2,4,6,299
1318.0,4,0,0,1,1,2,300
1319.0,4,0,0,0,0,0,300
1320.0,4,0,0,0,0,0,300
1321.0,4,0,1,0,0,1,300
1322.0,4,0,0,0,0,0,300
1323.0,5,0,0,0,0,0,301
1324.0,5,0,0,0,0,0,301
1325.0,5,0,0,0,0,0,301
1326.0,6,0,0,0,0,0,302
1327.0,6,0,0,0,0,0,302
1328.0,6,0,0,0,0,0,302
1329.0,6,0,0,0,0,0,302
1330.0,6,0,0,0,0,0,302
1331.0,7,0,0,0,0,0,303
1332.0,7,1,1,0,0,2,303
1333.0,7,1,1,0,0,2,303
1334.0,0,0,0,0,0,0,304
1335.0,0,0,0,0,0,0,304
1336.0,0,0,0,0,1,1,304
1337.0,0,0,0,0,0,0,304
1338.0,0,0,0,0,0,0,304
1339.0,1,0,0,0,0,0,305
1340.0,1,0,0,0,0,0,305
1341.0,1,0,0,0,0,0,305
1342.0,2,0,0,0,0,0,306
1343.0,2,0,0,0,1,1,306
1344.0,2,0,0,0,1,1,306
1345.0,2,0,0,0,1,1,306
1346.0,2,0,0,0,1,1,306
1347.0,3,0,0,0,1,1,307
1348.0,3,0,0,0,2,2,307
1349.0,3,0,0,0,2,2,307
1350.0,4,0,0,0,0,0,308
1351.0,4,0,1,0,0,1,308
1352.0,4,0,0,0,0,0,308
1353.0,4,0,1,0,0,1,308
1354.0,4,0,1,0,0,1,308
1355.0,5,0,1,0,0,1,309
1356.0,5,0,2,0,0,2,309
1357.0,5,0,1,0,0,1,309
1358.0,6,0,1,0,0,1,310
1359.0,6,0,1,0,0,1,310
1360.0,6,0,1,0,0,1,310
1361.0,6,1,1,1,0,3,310
1362.0,6,0,1,1,0,2,310
1363.0,7,0,1,1,0,2,311
1364.0,7,0,1,1,0,2,311
1365.0,7,0,1,1,0,2,311
1366.0,0,0,0,1,0,1,312
1367.0,0,0,0,1,0,1,312
1368.0,0,0,0,1,0,1,312
1369.0,0,0,0,1,0,1,312
1370.0,0,0,0,1,0,1,312
1371.0,1,0,0,1,0,1,313
1372.0,1,0,0,1,0,1,313
1373.0,1,0,0,1,0,1,313
1374.0,2,0,0,1,0,1,314
1375.0,2,0,0,1,0,1,314
1376.0,2,0,0,1,1,2,314
1377.0,2,0,0,1,0,1,314
1378.0,2,0,0,1,0,1,314
1379.0,3,0,0,1,0,1,315
1380.0,3,0,0,1,0,1,315
1381.0,3,0,0,1,0,1,315
1382.0,4,0,0,0,0,0,316
1383.0,4,1,0,0,0,1,316
1384.0,4,1,0,0,0,1,316
1385.0,4,1,0,0,0,1,316
1386.0,4,2,0,0,0,2,316
1387.0,5,1,0,0,0,1,317
1388.0,5,1,0,0,0,1,317
1389.0,5,1,0,0,0,1,317
1390.0,6,1,0,0,0,1,318
1391.0,6,1,0,1,0,2,318
1392.0,6,1,0,0,0,1,318
1393.0,6,1,0,0,0,1,318
1394.0,6,1,0,0,0,1,318
1395.0,7,1,0,0,0,1,319
1396.0,7,1,0,0,0,1,319
1397.0,7,1,1,0,0,2,319
1398.0,0,0,0,0,1,1,320
1399.0,0,0,0,0,0,0,320
1400.0,0,0,0,0,0,0,320
1401.0,0,0,0,0,0,0,320
1402.0,0,0,0,0,0,0,320
1403.0,1,0,0,0,0,0,321
1404.0,1,0,0,0,0,0,321
1405.0,1,0,0,0,1,1,321
1406.0,2,0,0,1,1,2,322
1407.0,2,1,0,1,1,3,322
1408.0,2,1,0,1,2,4,322
1409.0,2,1,0,1,2,4,322
1410.0,2,1,0,1,2,4,322
1411.0,3,1,1,1,2,5,323
1412.0,3,1,0,1,2,4,323
1413.0,3,1,0,1,2,4,323
1414.0,4,1,0,0,1,2,324
1415.0,4,1,0,0,0,1,324
1416.0,4,1,0,0,1,2,324
1417.0,4,1,0,0,0,1,324
1418.0,4,1,0,0,0,1,324
1419.0,5,1,0,0,0,1,325
1420.0,5,1,0,0,0,1,325
1421.0,5,1,0,0,0,1,325
1422.0,6,1,0,0,0,1,326
1423.0,6,1,0,0,0,1,326
1424.0,6,1,0,0,0,1,326
1425.0,6,1,0,1,0,2,326
1426.0,6,2,0,1,0,3,326
1427.0,7,1,0,1,1,3,327
1428.0,7,1,0,1,1,3,327
1429.0,7,1,0,1,1,3,327
1430.0,0,0,0,1,1,2,328
1431.0,0,0,0,1,1,2,328
1432.0,0,0,0,1,1,2,328
1433.0,0,0,0,1,1,2,328
1434.0,0,0,0,1,1,2,328
1435.0,1,0,0,1,1,2,329
1436.0,1,1,0,1,1,3,329
1437.0,1,0,0,1,1,2,329
1438.0,2,0,0,1,2,3,330
1439.0,2,0,0,1,2,3,330
1440.0,2,0,0,1,2,3,330
1441.0,2,0,0,1,3,4,330
1442.0,2,0,0,1,2,3,330
1443.0,3,0,0,1,2,3,331
1444.0,3,0,0,1,2,3,331
1445.0,3,0,0,1,2,3,331
1446.0,4,0,0,0,1,1,332
1447.0,4,0,0,0,0,0,332
1448.0,4,0,0,0,0,0,332
1449.0,4,0,0,0,0,0,332
1450.0,4,0,0,0,0,0,332
1451.0,4,1,1,0,0,2,332
1452.0,4,1,0,0,0,1,332
1453.0,4,1,0,0,0,1,332
1454.0,4,1,0,0,0,1,332
1455.0,4,1,0,0,0,1,332
1456.0,4,1,0,1,0,2,332
1457.0,5,1,0,0,0,1,333
1458.0,5,2,0,0,0,2,333
1459.0,5,2,0,0,0,2,333
1460.0,6,2,0,0,0,2,334
1461.0,6,2,1,0,1,4,334
1462.0,6,2,1,0,0,3,334
1463.0,6,2,1,0,0,3,334
1464.0,6,2,1,0,0,3,334
1465.0,7,2,1,0,0,3,335
1466.0,7,2,1,1,0,4,335
1467.0,7,2,1,1,0,4,335
1468.0,0,0,0,1,0,1,336
1469.0,0,0,0,1,0,1,336
1470.0,0,0,0,1,0,1,336
1471.0,0,0,0,1,0,1,336
1472.0,0,0,0,1,1,2,336
1473.0,1,0,0,1,1,2,337
1474.0,1,0,0,1,1,2,337
1475.0,1,0,0,1,1,2,337
1476.0,2,0,1,1,1,3,338
1477.0,2,0,0,1,1,2,338
1478.0,2,0,0,1,1,2,338
1479.0,2,0,0,1,1,2,338
1480.0,2,0,0,1,1,2,338
1481.0,3,0,0,1,2,3,339
1482.0,3,0,0,1,1,2,339
1483.0,3,0,0,1,1,2,339
1484.0,4,0,0,0,0,0,340
1485.0,4,0,0,0,0,0,340
1486.0,4,0,0,1,0,1,340
1487.0,4,0,0,0,0,0,340
1488.0,4,0,1,0,0,1,340
1489.0,4,0,1,0,0,1,340
1490.0,4,0,1,0,0,1,340
1491.0,4,0,1,0,0,1,340
1492.0,5,0,1,0,0,1,341
1493.0,5,0,1,0,0,1,341
1494.0,5,0,1,0,0,1,341
1495.0,6,0,1,1,0,2,342
1496.0,6,0,2,1,0,3,342
1497.0,6,0,2,1,0,3,342
1498.0,6,0,2,1,0,3,342
1499.0,6,0,2,1,0,3,342
1500.0,7,0,2,1,0,3,343
1501.0,7,1,2,1,0,4,343
1502.0,7,0,2,1,0,3,343
1503.0,0,0,1,1,0,2,344
1504.0,0,0,0,1,0,1,344
1505.0,0,0,0,1,0,1,344
1506.0,0,0,0,2,0,2,344
1507.0,0,0,0,1,0,1,344
1508.0,1,0,0,1,0,1,345
1509.0,1,0,0,1,0,1,345
1510.0,1,0,0,1,0,1,345
1511.0,2,0,0,1,2,3,346
1512.0,2,0,0,1,1,2,346
1513.0,2,0,0,1,1,2,346
1514.0,2,0,0,1,1,2,346
1515.0,2,0,0,1,1,2,346
1516.0,3,1,0,1,1,3,347
1517.0,3,0,0,1,1,2,347
1518.0,3,0,0,1,1,2,347
1519.0,4,0,0,0,0,0,348
1520.0,4,0,0,0,0,0,348
1521.0,4,0,0,0,1,1,348
1522.0,4,0,0,0,0,0,348
1523.0,4,0,0,0,0,0,348
1524.0,4,0,0,0,0,0,348
1525.0,4,1,0,0,0,1,348
1526.0,4,1,0,0,0,1,348
1527.0,5,1,0,0,0,1,349
1528.0,5,1,0,0,0,1,349
1529.0,5,1,0,0,0,1,349
1530.0,6,1,0,0,0,1,350
1531.0,6,2,0,0,0,2,350
1532.0,6,1,0,0,0,1,350
1533.0,6,1,0,0,1,2,350
1534.0,6,1,0,0,1,2,350
1535.0,7,1,0,0,1,2,351
1536.0,7,1,0,0,1,2,351
1537.0,7,1,0,0,1,2,351
1538.0,0,0,0,0,1,1,352
1539.0,0,0,0,0,1,1,352
1540.0,0,0,0,0,1,1,352
1541.0,0,0,1,0,1,2,352
1542.0,0,0,0,0,1,1,352
1543.0,1,0,0,0,1,1,353
1544.0,1,0,0,0,1,1,353
1545.0,1,0,0,0,1,1,353
1546.0,2,1,0,0,1,2,354
1547.0,2,0,0,0,1,1,354
1548.0,2,0,0,0,1,1,354
1549.0,2,0,0,0,1,1,354
1550.0,2,0,0,0,1,1,354
1551.0,2,0,0,0,1,1,354
1552.0,3,0,0,0,1,1,355
1553.0,3,0,0,0,1,1,355
1554.0,3,0,0,0,1,1,355
1555.0,4,1,0,0,0,1,356
1556.0,4,2,0,0,0,2,356
1557.0,4,1,0,0,0,1,356
1558.0,4,1,0,0,0,1,356
1559.0,4,1,0,0,0,1,356
1560.0,4,1,0,0,0,1,356
1561.0,4,1,0,0,0,1,356
1562.0,4,1,0,0,0,1,356
1563.0,5,1,0,0,0,1,357
1564.0,5,1,0,0,0,1,357
1565.0,5,1,0,0,0,1,357
1566.0,6,1,0,0,1,2,358
1567.0,6,2,0,0,0,2,358
1568.0,6,2,0,0,0,2,358
1569.0,6,2,0,0,0,2,358
1570.0,6,2,0,0,0,2,358
1571.0,7,2,0,0,0,2,359
1572.0,7,2,0,1,0,3,359
1573.0,7,2,0,1,0,3,359
1574.0,0,1,0,1,0,2,360
1575.0,0,0,0,1,0,1,360
1576.0,0,1,0,1,1,3,360
1577.0,0,0,0,1,1,2,360
1578.0,0,0,0,1,1,2,360
1579.0,1,0,0,1,1,2,361
1580.0,1,0,0,1,1,2,361
1581.0,1,0,1,1,1,3,361
1582.0,2,0,0,1,1,2,362
1583.0,2,0,0,1,1,2,362
1584.0,2,0,0,1,1,2,362
1585.0,2,0,0,1,1,2,362
1586.0,2,0,1,1,1,3,362
1587.0,2,0,0,1,1,2,362
1588.0,2,0,0,1,1,2,362
1589.0,3,0,0,1,1,2,363
1590.0,3,0,0,1,1,2,363
1591.0,3,0,0,1,1,2,363
1592.0,4,0,1,0,0,1,364
1593.0,4,0,1,0,0,1,364
1594.0,4,0,1,0,0,1,364
1595.0,4,0,1,0,0,1,364
1596.0,4,0,2,0,0,2,364
1597.0,5,0,2,0,0,2,365
1598.0,5,0,3,0,0,3,365
1599.0,5,1,3,0,0,4,365
1600.0,6,1,3,0,0,4,366
1601.0,6,1,4,0,0,5,366
1602.0,6,1,3,0,0,4,366
1603.0,6,1,3,0,0,4,366
1604.0,6,1,3,0,0,4,366
1605.0,7,1,3,0,0,4,367
1606.0,7,1,4,0,0,5,367
1607.0,7,1,3,0,0,4,367
1608.0,0,0,0,0,0,0,368
1609.0,0,0,0,0,0,0,368
1610.0,0,0,0,0,0,0,368
1611.0,0,0,1,0,0,1,368
1612.0,0,0,0,0,0,0,368
1613.0,0,0,0,0,0,0,368
1614.0,0,0,0,0,0,0,368
1615.0,0,0,0,0,0,0,368
1616.0,0,0,0,0,0,0,368
1617.0,1,0,0,0,0,0,369
1618.0,1,0,0,1,0,1,369
1619.0,1,0,0,2,0,2,369
1620.0,2,0,0,2,0,2,370
1621.0,2,0,0,2,1,3,370
1622.0,2,0,0,2,0,2,370
1623.0,2,0,0,2,0,2,370
1624.0,2,0,0,2,0,2,370
1625.0,3,0,0,2,0,2,371
1626.0,3,1,1,2,0,4,371
1627.0,3,0,1,3,0,4,371
1628.0,4,0,1,1,0,2,372
1629.0,4,0,1,0,0,1,372
1630.0,4,0,1,0,0,1,372
1631.0,4,0,1,0,0,1,372
1632.0,4,0,1,0,0,1,372
1633.0,5,0,1,0,0,1,373
1634.0,5,0,1,0,0,1,373
1635.0,5,0,1,0,0,1,373
1636.0,6,1,1,0,0,2,374
1637.0,6,0,1,0,0,1,374
1638.0,6,0,1,0,0,1,374
1639.0,6,0,1,0,0,1,374
1640.0,6,0,1,0,0,1,374
1641.0,7,0,1,0,0,1,375
1642.0,7,0,1,0,0,1,375
1643.0,7,0,1,0,0,1,375
1644.0,0,0,0,0,0,0,376
1645.0,0,0,0,0,0,0,376
1646.0,0,0,0,0,0,0,376
1647.0,0,0,0,0,0,0,376
1648.0,0,0,0,0,0,0,376
1649.0,1,0,0,0,0,0,377
1650.0,1,0,0,0,1,1,377
1651.0,1,0,0,0,1,1,377
1652.0,2,0,1,0,1,2,378
1653.0,2,0,0,0,1,1,378
1654.0,2,0,0,0,1,1,378
1655.0,2,0,0,0,1,1,378
1656.0,2,0,0,0,1,1,378
1657.0,3,0,0,0,1,1,379
1658.0,3,0,1,0,1,2,379
1659.0,3,0,1,1,1,3,379
1660.0,4,0,1,0,0,1,380
1661.0,4,0,1,0,0,1,380
1662.0,4,0,1,0,0,1,380
1663.0,4,0,2,0,0,2,380
1664.0,4,0,2,0,0,2,380
1665.0,5,0,2,0,0,2,381
1666.0,5,0,2,0,0,2,381
1667.0,5,0,2,0,0,2,381
1668.0,6,0,2,0,0,2,382
1669.0,6,0,2,0,0,2,382
1670.0,6,0,2,0,0,2,382
1671.0,6,0,3,0,0,3,382
1672.0,6,0,3,0,0,3,382
1673.0,7,0,3,0,0,3,383
1674.0,7,0,4,0,0,4,383
1675.0,7,0,4,0,0,4,383
1676.0,0,0,2,0,0,2,384
1677.0,0,0,0,0,0,0,384
1678.0,0,0,0,0,0,0,384
1679.0,0,0,0,0,0,0,384
1680.0,0,0,0,0,0,0,384
1681.0,0,0,0,0,0,0,384
1682.0,1,0,0,0,0,0,385
1683.0,1,0,0,0,0,0,385
1684.0,1,0,0,0,0,0,385
1685.0,2,0,1,0,0,1,386
1686.0,2,0,0,0,0,0,386
1687.0,2,0,0,0,0,0,386
1688.0,2,0,0,0,0,0,386
1689.0,2,0,0,0,0,0,386
1690.0,3,0,0,0,0,0,387
1691.0,3,0,1,0,0,1,387
1692.0,3,0,0,0,0,0,387
1693.0,4,0,0,0,0,0,388
1694.0,4,0,0,0,0,0,388
1695.0,4,0,0,0,0,0,388
1696.0,4,0,1,0,0,1,388
1697.0,4,0,1,0,0,1,388
1698.0,5,0,1,0,0,1,389
1699.0,5,0,2,0,0,2,389
1700.0,5,0,2,0,0,2,389
1701.0,6,0,2,1,0,3,390
1702.0,6,0,3,0,0,3,390
1703.0,6,0,4,0,0,4,390
1704.0,6,0,4,0,0,4,390
1705.0,6,0,4,0,0,4,390
1706.0,7,0,4,0,0,4,391
1707.0,7,0,4,0,0,4,391
1708.0,7,0,4,0,0,4,391
1709.0,0,0,2,0,0,2,392
1710.0,0,0,1,0,0,1,392
1711.0,0,0,0,0,0,0,392
1712.0,0,0,0,0,0,0,392
1713.0,0,0,0,0,0,0,392
1714.0,1,0,0,0,0,0,393
1715.0,1,0,0,0,0,0,393
1716.0,1,1,0,0,0,1,393
1717.0,2,0,0,0,0,0,394
1718.0,2,0,0,0,0,0,394
1719.0,2,0,0,0,0,0,394
1720.0,2,0,0,0,0,0,394
1721.0,2,1,0,0,1,2,394
1722.0,2,0,0,0,1,1,394
1723.0,3,0,0,0,1,1,395
1724.0,3,0,0,0,1,1,395
1725.0,3,0,0,0,1,1,395
1726.0,4,0,0,1,0,1,396
1727.0,4,0,0,0,0,0,396
1728.0,4,0,0,0,0,0,396
1729.0,4,0,0,0,0,0,396
1730.0,4,0,0,0,0,0,396
1731.0,5,0,1,0,0,1,397
1732.0,5,0,1,0,0,1,397
1733.0,5,0,1,0,0,1,397
1734.0,6,0,1,0,0,1,398
1735.0,6,0,1,0,0,1,398
1736.0,6,0,1,0,0,1,398
1737.0,6,1,1,0,0,2,398
1738.0,6,1,1,0,0,2,398
1739.0,7,1,2,0,0,3,399
1740.0,7,1,2,0,0,3,399
1741.0,7,1,3,0,0,4,399
1742.0,0,0,1,0,0,1,400
1743.0,0,0,0,0,0,0,400
1744.0,0,0,0,0,0,0,400
1745.0,0,0,0,0,0,0,400
1746.0,0,0,1,0,0,1,400
1747.0,1,0,0,0,0,0,401
1748.0,1,0,0,0,0,0,401
1749.0,1,0,0,0,0,0,401
1750.0,2,0,0,0,0,0,402
1751.0,2,0,0,0,1,1,402
1752.0,2,0,0,1,0,1,402
1753.0,2,0,0,1,0,1,402
1754.0,2,0,0,1,0,1,402
1755.0,3,0,0,2,0,2,403
1756.0,3,1,0,2,0,3,403
1757.0,3,0,1,2,0,3,403
1758.0,4,0,1,1,0,2,404
1759.0,4,0,1,0,0,1,404
1760.0,4,0,1,0,0,1,404
1761.0,4,0,1,0,0,1,404
1762.0,4,0,1,0,1,2,404
1763.0,5,0,1,0,0,1,405
1764.0,5,0,1,0,0,1,405
1765.0,5,0,1,0,0,1,405
1766.0,6,0,1,0,1,2,406
1767.0,6,0,1,0,0,1,406
1768.0,6,0,1,0,1,2,406
1769.0,6,0,1,0,1,2,406
1770.0,6,0,1,0,1,2,406
1771.0,6,0,1,0,1,2,406
1772.0,6,0,1,0,1,2,406
1773.0,6,0,1,0,1,2,406
1774.0,6,0,1,0,1,2,406
1775.0,6,0,1,0,1,2,406
1776.0,7,0,1,0,1,2,407
1777.0,7,0,1,0,1,2,407
1778.0,7,0,1,0,1,2,407
1779.0,0,0,0,0,1,1,408
1780.0,0,0,0,0,1,1,408
1781.0,0,0,0,0,1,1,408
1782.0,0,0,0,0,1,1,408
1783.0,0,0,0,0,1,1,408
1784.0,1,0,0,0,1,1,409
1785.0,1,0,0,0,1,1,409
1786.0,1,0,0,0,1,1,409
1787.0,2,0,0,0,1,1,410
1788.0,2,0,0,0,1,1,410
1789.0,2,0,0,0,1,1,410
1790.0,2,0,0,0,1,1,410
1791.0,2,0,0,0,1,1,410
1792.0,3,0,0,0,1,1,411
1793.0,3,0,0,0,1,1,411
1794.0,3,0,0,0,1,1,411
1795.0,4,0,0,0,0,0,412
1796.0,4,0,0,1,0,1,412
1797.0,4,0,0,0,0,0,412
1798.0,4,0,0,0,0,0,412
1799.0,4,0,0,0,0,0,412
1800.0,5,0,0,0,0,0,413
1801.0,5,0,0,0,0,0,413
1802.0,5,0,0,0,0,0,413
1803.0,6,0,0,0,0,0,414
1804.0,6,0,0,0,0,0,414
1805.0,6,0,0,0,0,0,414
1806.0,6,0,0,0,0,0,414
1807.0,6,0,0,0,1,1,414
1808.0,7,0,0,0,1,1,415
1809.0,7,0,0,0,1,1,415
1810.0,7,0,0,0,1,1,415
1811.0,0,0,0,0,1,1,416
1812.0,0,0,0,0,1,1,416
1813.0,0,0,0,0,1,1,416
1814.0,0,0,0,0,1,1,416
1815.0,0,0,0,0,1,1,416
1816.0,0,1,0,0,1,2,416
1817.0,1,0,0,0,1,1,417
1818.0,1,0,0,0,1,1,417
1819.0,1,0,0,0,1,1,417
1820.0,2,0,0,0,1,1,418
1821.0,2,0,0,0,2,2,418
1822.0,2,0,0,0,1,1,418
1823.0,2,0,0,0,1,1,418
1824.0,2,0,0,0,1,1,418
1825.0,3,0,0,0,1,1,419
1826.0,3,0,0,1,1,2,419
1827.0,3,0,0,0,1,1,419
1828.0,4,0,0,0,0,0,420
1829.0,4,0,0,0,0,0,420
1830.0,4,0,0,0,0,0,420
1831.0,4,0,0,0,1,1,420
1832.0,4,0,0,0,0,0,420
1833.0,4,0,0,0,0,0,420
1834.0,4,0,0,0,0,0,420
1835.0,4,0,0,0,0,0,420
1836.0,4,0,1,0,0,1,420
1837.0,4,0,0,0,0,0,420
1838.0,4,1,0,0,0,1,420
1839.0,4,1,0,0,0,1,420
1840.0,4,1,0,0,0,1,420
1841.0,4,1,0,0,0,1,420
1842.0,5,1,0,0,0,1,421
1843.0,5,1,0,0,0,1,421
1844.0,5,1,0,0,0,1,421
1845.0,6,1,0,0,0,1,422
1846.0,6,1,1,0,0,2,422
1847.0,6,1,1,0,0,2,422
1848.0,6,1,1,0,0,2,422
1849.0,6,1,1,0,1,3,422
1850.0,7,1,1,0,1,3,423
1851.0,7,1,2,0,1,4,423
1852.0,7,1,1,0,1,3,423
1853.0,0,0,0,0,1,1,424
1854.0,0,0,0,0,1,1,424
1855.0,0,0,0,0,1,1,424
1856.0,0,0,1,0,1,2,424
1857.0,0,0,0,0,1,1,424
1858.0,0,0,0,0,1,1,424
1859.0,0,0,0,0,1,1,424
1860.0,0,0,0,0,1,1,424
1861.0,1,0,0,1,1,2,425
1862.0,1,0,0,0,1,1,425
1863.0,1,0,0,0,1,1,425
1864.0,2,0,0,0,1,1,426
1865.0,2,0,0,0,1,1,426
1866.0,2,0,0,0,1,1,426
1867.0,2,0,1,0,1,2,426
1868.0,2,0,1,0,1,2,426
1869.0,3,0,1,0,1,2,427
1870.0,3,0,1,1,1,3,427
1871.0,3,1,1,1,1,4,427
1872.0,4,0,1,0,0,1,428
1873.0,4,0,1,0,0,1,428
1874.0,4,0,1,0,0,1,428
1875.0,4,0,1,0,0,1,428
1876.0,4,0,1,1,0,2,428
1877.0,4,0,1,0,0,1,428
1878.0,4,0,1,0,0,1,428
1879.0,5,0,1,0,0,1,429
1880.0,5,0,1,0,0,1,429
1881.0,5,0,1,0,0,1,429
1882.0,6,0,1,0,0,1,430
1883.0,6,0,1,0,0,1,430
1884.0,6,0,1,0,0,1,430
1885.0,6,0,1,0,0,1,430
1886.0,6,0,1,0,0,1,430
1887.0,6,0,1,1,0,2,430
1888.0,6,0,1,1,0,2,430
1889.0,6,0,1,1,0,2,430
1890.0,6,0,1,1,0,2,430
1891.0,7,0,1,1,0,2,431
1892.0,7,1,1,1,0,3,431
1893.0,7,1,1,1,0,3,431
1894.0,0,0,0,1,0,1,432
1895.0,0,0,0,1,0,1,432
1896.0,0,0,1,1,0,2,432
1897.0,0,0,0,1,0,1,432
1898.0,0,0,0,1,0,1,432
1899.0,1,0,0,1,0,1,433
1900.0,1,0,0,1,1,2,433
1901.0,1,0,0,1,1,2,433
1902.0,2,0,0,1,1,2,434
1903.0,2,0,0,1,1,2,434
1904.0,2,0,0,1,1,2,434
1905.0,2,0,0,1,1,2,434
1906.0,2,0,1,1,1,3,434
1907.0,2,0,0,1,1,2,434
1908.0,3,0,0,1,1,2,435
1909.0,3,0,0,1,1,2,435
1910.0,3,0,0,2,1,3,435
1911.0,4,0,0,1,0,1,436
1912.0,4,0,0,0,0,0,436
1913.0,4,0,0,0,0,0,436
1914.0,4,0,0,0,0,0,436
1915.0,4,0,0,0,0,0,436
1916.0,4,1,1,0,0,2,436
1917.0,4,0,1,0,0,1,436
1918.0,4,0,1,0,0,1,436
1919.0,4,0,2,0,0,2,436
1920.0,4,0,2,0,0,2,436
1921.0,5,0,2,0,1,3,437
1922.0,5,0,2,0,0,2,437
1923.0,5,0,2,0,0,2,437
1924.0,6,0,2,0,0,2,438
1925.0,6,0,2,0,0,2,438
1926.0,6,0,2,0,0,2,438
1927.0,6,0,2,0,0,2,438
1928.0,6,0,2,0,0,2,438
1929.0,7,0,2,0,0,2,439
1930.0,7,0,2,0,0,2,439
1931.0,7,1,3,0,1,5,439
1932.0,0,0,0,0,1,1,440
1933.0,0,0,0,0,1,1,440
1934.0,0,0,0,0,1,1,440
1935.0,0,0,0,0,1,1,440
1936.0,0,0,1,0,1,2,440
1937.0,0,0,0,0,1,1,440
1938.0,0,0,0,0,1,1,440
1939.0,1,0,0,0,1,1,441
1940.0,1,0,0,0,1,1,441
1941.0,1,0,0,0,2,2,441
1942.0,2,0,0,0,1,1,442
1943.0,2,0,0,0,1,1,442
1944.0,2,0,0,0,1,1,442
1945.0,2,0,0,1,1,2,442
1946.0,2,0,0,1,2,3,442
1947.0,3,0,0,1,1,2,443
1948.0,3,0,0,1,1,2,443
1949.0,3,0,0,1,1,2,443
1950.0,4,0,0,0,0,0,444
1951.0,4,0,0,0,1,1,444
1952.0,4,0,0,0,0,0,444
1953.0,4,0,0,0,0,0,444
1954.0,4,0,0,0,0,0,444
1955.0,4,0,0,0,0,0,444
1956.0,4,1,0,0,1,2,444
1957.0,5,1,0,0,0,1,445
1958.0,5,1,0,0,0,1,445
1959.0,5,1,0,0,0,1,445
1960.0,6,1,0,0,0,1,446
1961.0,6,1,0,0,0,1,446
1962.0,6,1,0,0,1,2,446
1963.0,6,1,0,0,1,2,446
1964.0,6,1,0,0,1,2,446
1965.0,7,1,0,0,1,2,447
1966.0,7,1,0,0,1,2,447
1967.0,7,1,0,0,1,2,447
1968.0,0,0,0,0,2,2,448
1969.0,0,0,0,0,2,2,448
1970.0,0,0,0,0,2,2,448
1971.0,0,0,0,0,2,2,448
1972.0,0,0,0,0,2,2,448
1973.0,1,0,0,0,2,2,449
1974.0,1,0,0,1,2,3,449
1975.0,1,0,0,1,2,3,449
1976.0,2,0,0,1,2,3,450
1977.0,2,0,0,1,2,3,450
1978.0,2,0,0,1,2,3,450
1979.0,2,0,0,1,2,3,450
1980.0,2,0,0,1,2,3,450
1981.0,3,0,1,1,2,4,451
1982.0,3,0,0,1,2,3,451
1983.0,3,0,0,1,2,3,451
1984.0,4,0,0,0,0,0,452
1985.0,4,0,0,0,0,0,452
1986.0,4,0,1,0,0,1,452
1987.0,4,0,0,0,0,0,452
1988.0,4,0,0,0,0,0,452
1989.0,4,0,0,0,0,0,452
1990.0,4,0,0,0,0,0,452
1991.0,4,0,1,0,0,1,452
1992.0,4,0,1,0,0,1,452
1993.0,4,0,1,0,0,1,452
1994.0,5,0,1,0,0,1,453
1995.0,5,0,2,0,0,2,453
1996.0,5,1,2,0,0,3,453
1997.0,6,0,3,0,0,3,454
1998.0,6,0,3,0,0,3,454
1999.0,6,0,3,0,0,3,454
2000.0,6,0,4,0,0,4,454
2001.0,6,0,4,0,0,4,454
2002.0,7,0,4,0,0,4,455
2003.0,7,0,4,0,0,4,455
2004.0,7,0,4,0,0,4,455
2005.0,0,0,2,0,0,2,456
2006.0,0,0,2,0,0,2,456
2007.0,0,0,0,0,0,0,456
2008.0,0,0,0,0,0,0,456
2009.0,0,0,0,0,0,0,456
2010.0,1,0,0,0,0,0,457
2011.0,1,0,0,0,1,1,457
2012.0,1,0,0,0,1,1,457
2013.0,2,0,0,0,1,1,458
2014.0,2,0,0,0,1,1,458
2015.0,2,0,0,0,1,1,458
2016.0,2,1,0,0,1,2,458
2017.0,2,0,0,0,1,1,458
2018.0,3,1,0,0,1,2,459
2019.0,3,1,0,0,1,2,459
2020.0,3,1,0,0,1,2,459
2021.0,4,1,0,0,0,1,460
2022.0,4,1,0,0,0,1,460
2023.0,4,1,0,0,0,1,460
2024.0,4,1,0,0,0,1,460
2025.0,4,1,0,0,0,1,460
2026.0,5,1,0,0,1,2,461
2027.0,5,1,0,0,0,1,461
2028.0,5,1,0,0,0,1,461
2029.0,6,1,0,0,0,1,462
2030.0,6,1,0,0,0,1,462
2031.0,6,1,1,0,0,2,462
2032.0,6,1,1,0,0,2,462
2033.0,6,1,1,0,0,2,462
2034.0,7,1,1,0,0,2,463
2035.0,7,1,1,0,0,2,463
2036.0,7,1,2,0,0,3,463
2037.0,0,0,0,0,0,0,464
2038.0,0,0,0,0,0,0,464
2039.0,0,0,0,0,0,0,464
2040.0,0,0,0,1,0,1,464
2041.0,0,1,0,1,0,2,464
2042.0,1,0,0,1,0,1,465
2043.0,1,0,0,1,0,1,465
2044.0,1,0,0,1,0,1,465
2045.0,2,0,0,1,0,1,466
2046.0,2,0,0,1,0,1,466
2047.0,2,0,0,1,0,1,466
2048.0,2,0,0,2,0,2,466
2049.0,2,0,0,2,0,2,466
2050.0,3,0,0,2,0,2,467
2051.0,3,0,0,3,0,3,467
2052.0,3,0,0,2,0,2,467
2053.0,4,0,0,1,0,1,468
2054.0,4,0,0,0,0,0,468
2055.0,4,0,0,0,0,0,468
2056.0,4,0,0,0,0,0,468
2057.0,4,0,0,0,0,0,468
2058.0,4,0,0,0,0,0,468
2059.0,4,0,0,0,0,0,468
2060.0,4,0,0,0,0,0,468
2061.0,4,0,0,0,1,1,468
2062.0,5,0,0,0,0,0,469
2063.0,5,1,0,0,0,1,469
2064.0,5,1,0,0,0,1,469
2065.0,6,1,0,0,0,1,470
2066.0,6,1,0,0,0,1,470
2067.0,6,1,0,2,0,3,470
2068.0,6,1,0,2,0,3,470
2069.0,6,1,0,2,0,3,470
2070.0,6,1,0,2,0,3,470
2071.0,7,1,0,2,0,3,471
2072.0,7,1,0,2,0,3,471
2073.0,7,1,0,2,0,3,471
2074.0,0,0,0,2,0,2,472
2075.0,0,0,0,2,0,2,472
2076.0,0,0,0,3,0,3,472
2077.0,0,0,0,2,0,2,472
2078.0,0,0,0,2,0,2,472
2079.0,1,0,0,2,0,2,473
2080.0,1,0,0,2,0,2,473
2081.0,1,0,0,2,1,3,473
2082.0,2,0,0,3,0,3,474
2083.0,2,0,0,3,0,3,474
2084.0,2,0,0,3,0,3,474
2085.0,2,0,0,4,0,4,474
2086.0,2,0,0,4,1,5,474
2087.0,3,0,0,4,0,4,475
2088.0,3,0,0,4,0,4,475
2089.0,3,0,0,4,0,4,475
2090.0,4,0,0,1,0,1,476
2091.0,4,0,0,0,0,0,476
2092.0,4,0,0,0,0,0,476
2093.0,4,0,0,0,0,0,476
2094.0,4,0,0,0,0,0,476
2095.0,4,0,0,0,0,0,476
2096.0,5,0,0,0,0,0,477
2097.0,5,0,0,0,0,0,477
2098.0,5,0,0,0,0,0,477
2099.0,6,0,0,0,0,0,478
2100.0,6,0,0,0,0,0,478
2101.0,6,0,1,0,1,2,478
2102.0,6,0,0,0,1,1,478
2103.0,6,0,0,0,1,1,478
2104.0,7,0,0,0,2,2,479
2105.0,7,0,0,0,2,2,479
2106.0,7,0,0,0,2,2,479
2107.0,0,0,0,0,2,2,480
2108.0,0,0,0,0,2,2,480
2109.0,0,0,0,0,2,2,480
2110.0,0,0,0,0,2,2,480
2111.0,0,0,0,0,3,3,480
2112.0,1,0,0,0,2,2,481
2113.0,1,0,0,0,2,2,481
2114.0,1,0,0,0,2,2,481
2115.0,2,0,0,0,2,2,482
2116.0,2,0,0,0,2,2,482
2117.0,2,0,0,0,2,2,482
2118.0,2,0,0,0,2,2,482
2119.0,2,0,0,0,2,2,482
2120.0,3,0,0,0,2,2,483
2121.0,3,0,1,0,3,4,483
2122.0,3,0,0,0,3,3,483
2123.0,4,0,0,0,1,1,484
2124.0,4,0,0,0,0,0,484
2125.0,4,0,0,0,0,0,484
2126.0,4,0,0,0,0,0,484
2127.0,4,0,0,0,0,0,484
2128.0,4,0,0,0,0,0,484
2129.0,4,0,0,0,0,0,484
2130.0,4,0,0,0,0,0,484
2131.0,5,0,1,0,0,1,485
2132.0,5,0,1,0,0,1,485
2133.0,5,0,1,0,0,1,485
2134.0,6,0,2,0,0,2,486
2135.0,6,0,2,0,0,2,486
2136.0,6,0,2,0,0,2,486
2137.0,6,0,2,0,0,2,486
2138.0,6,0,2,0,0,2,486
2139.0,7,0,2,0,0,2,487
2140.0,7,0,2,0,0,2,487
2141.0,7,0,2,0,0,2,487
2142.0,0,0,0,0,0,0,488
2143.0,0,0,0,0,0,0,488
2144.0,0,0,0,0,0,0,488
2145.0,0,0,0,0,0,0,488
2146.0,0,0,0,0,1,1,488
2147.0,1,0,0,0,0,0,489
2148.0,1,0,0,0,0,0,489
2149.0,1,0,0,0,1,1,489
2150.0,2,0,0,0,1,1,490
2151.0,2,0,0,1,1,2,490
2152.0,2,0,0,1,1,2,490
2153.0,2,0,0,1,1,2,490
2154.0,2,0,1,1,1,3,490
2155.0,3,0,0,1,1,2,491
2156.0,3,0,0,1,2,3,491
2157.0,3,0,0,1,2,3,491
2158.0,4,0,1,0,0,1,492
2159.0,4,0,1,0,0,1,492
2160.0,4,0,1,0,0,1,492
2161.0,4,0,2,0,0,2,492
2162.0,4,0,2,0,0,2,492
2163.0,4,0,2,0,0,2,492
2164.0,5,0,2,0,0,2,493
2165.0,5,0,2,0,0,2,493
2166.0,5,0,4,0,0,4,493
2167.0,6,0,3,0,0,3,494
2168.0,6,0,3,0,0,3,494
2169.0,6,0,4,0,0,4,494
2170.0,6,0,4,0,0,4,494
2171.0,6,0,4,0,0,4,494
2172.0,7,0,4,0,0,4,495
2173.0,7,0,4,0,0,4,495
2174.0,7,0,4,0,0,4,495
2175.0,0,0,1,0,0,1,496
2176.0,0,0,0,0,0,0,496
2177.0,0,0,0,0,0,0,496
2178.0,0,0,0,0,0,0,496
2179.0,0,0,0,0,0,0,496
2180.0,0,0,0,0,0,0,496
2181.0,0,0,1,0,0,1,496
2182.0,0,0,0,0,0,0,496
2183.0,1,0,0,0,0,0,497
2184.0,1,0,0,1,0,1,497
2185.0,1,0,0,1,0,1,497
2186.0,2,0,0,1,0,1,498
2187.0,2,0,0,1,0,1,498
2188.0,2,0,0,1,0,1,498
2189.0,2,0,0,1,0,1,498
2190.0,2,0,0,1,0,1,498
2191.0,2,0,0,1,0,1,498
2192.0,3,0,0,1,0,1,499
2193.0,3,0,0,1,0,1,499
2194.0,3,0,0,1,0,1,499
2195.0,4,0,0,0,0,0,500
2196.0,4,0,0,0,0,0,500
2197.0,4,0,0,0,0,0,500
2198.0,4,0,0,0,0,0,500
2199.0,4,0,0,0,0,0,500
2200.0,5,0,0,0,0,0,501
2201.0,5,1,0,0,0,1,501
2202.0,5,0,0,0,0,0,501
2203.0,6,0,0,0,0,0,502
2204.0,6,0,0,0,0,0,502
2205.0,6,0,0,0,0,0,502
2206.0,6,0,0,0,1,1,502
2207.0,6,0,0,0,0,0,502
2208.0,7,0,0,0,0,0,503
2209.0,7,0,1,0,0,1,503
2210.0,7,0,1,0,0,1,503
2211.0,0,0,0,1,0,1,504
2212.0,0,0,0,0,0,0,504
2213.0,0,0,0,0,0,0,504
2214.0,0,0,0,0,0,0,504
2215.0,0,0,0,0,0,0,504
2216.0,1,0,0,1,0,1,505
2217.0,1,0,0,0,1,1,505
2218.0,1,0,0,0,1,1,505
2219.0,2,0,0,0,1,1,506
2220.0,2,0,0,0,1,1,506
2221.0,2,0,0,0,1,1,506
2222.0,2,0,0,1,1,2,506
2223.0,2,0,0,1,1,2,506
2224.0,3,1,0,1,1,3,507
2225.0,3,1,0,1,1,3,507
2226.0,3,1,0,1,1,3,507
2227.0,4,1,0,0,0,1,508
2228.0,4,1,0,0,0,1,508
2229.0,4,1,0,0,0,1,508
2230.0,4,1,0,0,0,1,508
2231.0,4,1,0,0,0,1,508
2232.0,5,1,0,0,0,1,509
2233.0,5,1,0,0,0,1,509
2234.0,5,1,0,0,0,1,509
2235.0,6,1,0,0,0,1,510
2236.0,6,1,0,0,1,2,510
2237.0,6,1,0,0,0,1,510
2238.0,6,1,0,0,0,1,510
2239.0,6,1,0,0,0,1,510
2240.0,7,1,0,0,0,1,511
2241.0,7,1,0,0,0,1,511
2242.0,7,1,0,0,0,1,511
2243.0,0,0,0,0,0,0,512
2244.0,0,0,0,0,0,0,512
2245.0,0,0,0,0,0,0,512
2246.0,0,0,0,0,0,0,512
2247.0,0,0,0,0,1,1,512
2248.0,0,0,0,0,1,1,512
2249.0,0,0,0,0,1,1,512
2250.0,0,0,0,0,1,1,512
2251.0,0,0,0,0,1,1,512
2252.0,0,0,0,0,1,1,512
2253.0,0,0,0,0,1,1,512
2254.0,1,0,0,1,1,2,513
2255.0,1,0,0,0,1,1,513
2256.0,1,0,0,0,1,1,513
2257.0,2,0,0,0,1,1,514
2258.0,2,0,0,0,1,1,514
2259.0,2,0,0,0,1,1,514
2260.0,2,0,0,0,1,1,514
2261.0,2,0,0,1,1,2,514
2262.0,3,0,0,1,1,2,515
2263.0,3,0,0,1,1,2,515
2264.0,3,0,0,1,1,2,515
2265.0,4,0,0,1,1,2,516
2266.0,4,0,0,0,0,0,516
2267.0,4,0,0,0,0,0,516
2268.0,4,0,0,0,0,0,516
2269.0,4,0,0,0,0,0,516
2270.0,5,0,0,0,0,0,517
2271.0,5,0,0,0,1,1,517
2272.0,5,0,0,0,0,0,517
2273.0,6,0,0,0,0,0,518
2274.0,6,0,0,0,0,0,518
2275.0,6,0,0,0,1,1,518
2276.0,6,0,0,1,1,2,518
2277.0,6,0,0,0,1,1,518
2278.0,6,0,0,1,1,2,518
2279.0,6,0,0,1,1,2,518
2280.0,6,0,0,1,1,2,518
2281.0,6,0,0,3,2,5,518
2282.0,7,0,0,2,2,4,519
2283.0,7,0,0,2,2,4,519
2284.0,7,0,0,3,2,5,519
2285.0,0,0,0,2,2,4,520
2286.0,0,0,1,2,2,5,520
2287.0,0,0,0,2,2,4,520
2288.0,0,0,0,2,2,4,520
2289.0,0,0,0,3,2,5,520
2290.0,1,0,0,3,2,5,521
2291.0,1,0,1,3,2,6,521
2292.0,1,0,0,4,2,6,521
2293.0,2,0,0,4,2,6,522
2294.0,2,0,0,4,2,6,522
2295.0,2,0,0,4,2,6,522
2296.0,2,0,0,4,2,6,522
2297.0,2,0,1,4,2,7,522
2298.0,2,0,1,4,2,7,522
2299.0,2,0,1,4,2,7,522
2300.0,2,0,1,4,2,7,522
2301.0,2,1,1,4,2,8,522
2302.0,3,0,1,4,2,7,523
2303.0,3,0,1,4,2,7,523
2304.0,3,0,1,4,2,7,523
2305.0,4,0,1,3,1,5,524
2306.0,4,0,1,3,0,4,524
2307.0,4,0,1,1,0,2,524
2308.0,4,0,1,0,0,1,524
2309.0,4,0,1,0,0,1,524
2310.0,4,0,1,0,0,1,524
2311.0,4,0,1,0,0,1,524
2312.0,4,0,1,0,0,1,524
2313.0,4,0,1,0,0,1,524
2314.0,4,0,1,0,0,1,524
2315.0,4,0,1,0,0,1,524
2316.0,4,0,1,0,0,1,524
2317.0,5,0,1,0,0,1,525
2318.0,5,0,1,0,0,1,525
2319.0,5,0,1,0,0,1,525
2320.0,6,0,1,0,0,1,526
2321.0,6,0,1,0,0,1,526
2322.0,6,0,1,0,0,1,526
2323.0,6,0,1,0,0,1,526
2324.0,6,0,1,0,0,1,526
2325.0,7,1,1,0,0,2,527
2326.0,7,1,1,1,0,3,527
2327.0,7,1,1,0,0,2,527
2328.0,0,0,0,0,0,0,528
2329.0,0,0,0,0,0,0,528
2330.0,0,0,0,0,0,0,528
2331.0,0,1,0,0,0,1,528
2332.0,0,0,0,0,0,0,528
2333.0,1,0,0,0,1,1,529
2334.0,1,0,0,0,1,1,529
2335.0,1,0,0,0,1,1,529
2336.0,2,0,0,0,1,1,530
2337.0,2,0,0,1,1,2,530
2338.0,2,0,0,1,1,2,530
2339.0,2,0,0,1,1,2,530
2340.0,2,0,0,1,1,2,530
2341.0,3,0,0,1,1,2,531
2342.0,3,0,0,1,1,2,531
2343.0,3,0,0,1,1,2,531
2344.0,4,0,0,0,0,0,532
2345.0,4,0,0,0,0,0,532
2346.0,4,1,0,0,0,1,532
2347.0,4,0,0,0,0,0,532
2348.0,4,0,0,0,0,0,532
2349.0,4,0,0,0,0,0,532
2350.0,4,0,0,0,0,0,532
2351.0,4,1,0,0,0,1,532
2352.0,5,0,0,0,0,0,533
2353.0,5,0,0,0,0,0,533
2354.0,5,0,0,0,0,0,533
2355.0,6,1,0,0,0,1,534
2356.0,6,1,0,0,0,1,534
2357.0,6,1,0,0,0,1,534
2358.0,6,1,0,0,0,1,534
2359.0,6,1,0,0,0,1,534
2360.0,7,1,0,0,0,1,535
2361.0,7,1,0,0,1,2,535
2362.0,7,1,0,0,0,1,535
2363.0,0,0,0,0,0,0,536
2364.0,0,0,0,0,0,0,536
2365.0,0,0,0,0,0,0,536
2366.0,0,0,1,0,0,1,536
2367.0,0,0,0,0,0,0,536
2368.0,0,0,0,0,0,0,536
2369.0,1,0,0,0,0,0,537
2370.0,1,0,0,0,0,0,537
2371.0,1,0,0,1,0,1,537
2372.0,2,0,0,0,1,1,538
2373.0,2,0,0,0,1,1,538
2374.0,2,0,0,0,1,1,538
2375.0,2,1,0,0,1,2,538
2376.0,2,1,1,0,1,3,538
2377.0,3,1,0,1,1,3,539
2378.0,3,1,1,1,1,4,539
2379.0,3,1,1,1,1,4,539
2380.0,4,1,1,0,0,2,540
2381.0,4,1,1,0,0,2,540
2382.0,4,1,1,0,0,2,540
2383.0,4,1,1,0,0,2,540
2384.0,4,1,1,0,0,2,540
2385.0,5,1,1,0,0,2,541
2386.0,5,1,1,0,1,3,541
2387.0,5,1,1,0,0,2,541
2388.0,6,1,2,0,0,3,542
2389.0,6,1,2,0,0,3,542
2390.0,6,1,2,1,0,4,542
2391.0,6,1,3,1,0,5,542
2392.0,6,1,2,1,0,4,542
2393.0,7,1,2,1,0,4,543
2394.0,7,1,2,1,0,4,543
2395.0,7,1,2,1,0,4,543
2396.0,0,0,0,1,1,2,544
2397.0,0,0,0,1,1,2,544
2398.0,0,0,0,1,1,2,544
2399.0,0,0,0,1,1,2,544
2400.0,0,0,0,1,1,2,544
2401.0,0,0,0,1,1,2,544
2402.0,1,0,0,1,1,2,545
2403.0,1,0,0,1,1,2,545
2404.0,1,0,0,1,1,2,545
2405.0,2,0,0,1,1,2,546
2406.0,2,0,0,1,1,2,546
2407.0,2,0,0,1,1,2,546
2408.0,2,0,0,1,1,2,546
2409.0,2,0,0,1,1,2,546
2410.0,3,0,0,1,1,2,547
2411.0,3,0,1,1,1,3,547
2412.0,3,0,0,1,1,2,547
2413.0,4,0,0,0,0,0,548
2414.0,4,0,0,0,0,0,548
2415.0,4,0,0,0,0,0,548
2416.0,4,0,0,0,1,1,548
2417.0,4,0,0,0,0,0,548
2418.0,5,0,0,0,0,0,549
2419.0,5,0,0,0,0,0,549
2420.0,5,0,0,0,0,0,549
2421.0,6,0,0,0,0,0,550
2422.0,6,0,0,0,0,0,550
2423.0,6,0,1,0,0,1,550
2424.0,6,0,1,0,0,1,550
2425.0,6,0,1,0,0,1,550
2426.0,7,0,1,0,1,2,551
2427.0,7,0,2,0,1,3,551
2428.0,7,0,3,0,1,4,551
2429.0,0,0,2,0,1,3,552
2430.0,0,0,1,0,1,2,552
2431.0,0,0,0,0,1,1,552
2432.0,0,0,0,0,1,1,552
2433.0,0,0,0,0,1,1,552
2434.0,1,0,0,0,1,1,553
2435.0,1,0,0,0,1,1,553
2436.0,1,0,0,1,1,2,553
2437.0,2,0,0,0,1,1,554
2438.0,2,0,0,0,2,2,554
2439.0,2,0,0,0,2,2,554
2440.0,2,0,0,0,2,2,554
2441.0,2,0,0,0,3,3,554
2442.0,3,0,0,1,2,3,555
2443.0,3,0,0,1,2,3,555
2444.0,3,0,0,1,2,3,555
2445.0,4,0,0,0,0,0,556
2446.0,4,0,0,0,0,0,556
2447.0,4,0,0,0,0,0,556
2448.0,4,0,0,0,0,0,556
2449.0,4,0,0,0,0,0,556
2450.0,4,0,0,0,0,0,556
2451.0,4,0,0,0,0,0,556
2452.0,5,0,0,0,0,0,557
2453.0,5,0,0,0,0,0,557
2454.0,5,0,0,0,0,0,557
2455.0,6,0,0,0,0,0,558
2456.0,6,1,0,0,0,1,558
2457.0,6,0,0,0,0,0,558
2458.0,6,0,0,0,0,0,558
2459.0,6,0,0,0,0,0,558
2460.0,7,0,0,0,0,0,559
2461.0,7,0,0,0,0,0,559
2462.0,7,0,0,0,0,0,559
2463.0,0,0,0,0,1,1,560
2464.0,0,0,0,0,1,1,560
2465.0,0,0,0,0,1,1,560
2466.0,0,0,0,0,1,1,560
2467.0,0,0,0,0,1,1,560
2468.0,1,0,0,0,1,1,561
2469.0,1,0,0,0,1,1,561
2470.0,1,0,0,1,1,2,561
2471.0,2,0,0,2,1,3,562
2472.0,2,0,0,1,1,2,562
2473.0,2,0,0,1,1,2,562
2474.0,2,0,0,1,1,2,562
2475.0,2,0,0,1,1,2,562
2476.0,3,0,0,1,2,3,563
2477.0,3,0,0,1,1,2,563
2478.0,3,0,0,1,1,2,563
2479.0,4,1,0,0,0,1,564
2480.0,4,1,0,0,0,1,564
2481.0,4,1,0,1,0,2,564
2482.0,4,1,0,0,0,1,564
2483.0,4,1,0,0,0,1,564
2484.0,4,1,0,0,0,1,564
2485.0,4,1,0,0,0,1,564
2486.0,4,1,0,0,0,1,564
2487.0,5,1,0,1,0,2,565
2488.0,5,1,0,0,0,1,565
2489.0,5,1,0,0,0,1,565
2490.0,6,1,0,0,0,1,566
2491.0,6,1,0,0,0,1,566
2492.0,6,1,0,0,0,1,566
2493.0,6,1,0,1,0,2,566
2494.0,6,1,0,1,1,3,566
2495.0,6,1,0,1,0,2,566
2496.0,6,1,0,2,0,3,566
2497.0,7,1,0,2,0,3,567
2498.0,7,1,0,2,0,3,567
2499.0,7,1,0,2,0,3,567
2500.0,0,0,0,2,0,2,568
2501.0,0,0,0,2,1,3,568
2502.0,0,0,0,2,0,2,568
2503.0,0,0,0,2,0,2,568
2504.0,0,0,0,2,0,2,568
2505.0,1,0,0,2,1,3,569
2506.0,1,0,1,2,1,4,569
2507.0,1,0,0,2,1,3,569
2508.0,2,0,0,2,1,3,570
2509.0,2,0,0,2,1,3,570
2510.0,2,0,0,2,1,3,570
2511.0,2,0,0,2,1,3,570
2512.0,2,0,0,2,1,3,570
2513.0,2,0,0,2,2,4,570
2514.0,2,0,0,2,2,4,570
2515.0,2,0,0,3,2,5,570
2516.0,2,0,0,3,2,5,570
2517.0,3,0,0,3,2,5,571
2518.0,3,0,0,3,2,5,571
2519.0,3,0,0,3,2,5,571
2520.0,4,0,0,1,0,1,572
2521.0,4,0,1,0,0,1,572
2522.0,4,0,0,0,0,0,572
2523.0,4,0,0,0,0,0,572
2524.0,4,0,0,0,0,0,572
2525.0,5,0,0,0,0,0,573
2526.0,5,0,1,0,0,1,573
2527.0,5,0,0,0,0,0,573
2528.0,6,0,0,0,0,0,574
2529.0,6,0,0,0,0,0,574
2530.0,6,0,0,0,0,0,574
2531.0,6,1,0,0,0,1,574
2532.0,6,0,1,0,0,1,574
2533.0,7,0,1,0,0,1,575
2534.0,7,0,1,0,0,1,575
2535.0,7,0,1,0,0,1,575
2536.0,0,0,0,0,0,0,576
2537.0,0,0,0,0,0,0,576
2538.0,0,0,0,0,0,0,576
2539.0,0,0,0,0,0,0,576
2540.0,0,0,0,0,0,0,576
2541.0,0,0,0,0,0,0,576
2542.0,0,0,0,0,0,0,576
2543.0,0,0,0,0,0,0,576
2544.0,0,0,0,1,0,1,576
2545.0,1,0,0,0,0,0,577
2546.0,1,0,0,0,1,1,577
2547.0,1,0,0,0,0,0,577
2548.0,2,0,0,0,0,0,578
2549.0,2,0,0,0,0,0,578
2550.0,2,0,0,1,0,1,578
2551.0,2,0,0,2,0,2,578
2552.0,2,1,0,1,0,2,578
2553.0,3,1,0,1,0,2,579
2554.0,3,1,0,1,0,2,579
2555.0,3,1,0,2,0,3,579
2556.0,4,1,0,0,1,2,580
2557.0,4,1,0,0,0,1,580
2558.0,4,1,0,0,0,1,580
2559.0,4,1,0,0,0,1,580
2560.0,4,1,0,0,0,1,580
2561.0,4,1,0,0,0,1,580
2562.0,5,1,0,0,0,1,581
2563.0,5,1,0,0,0,1,581
2564.0,5,1,0,0,0,1,581
2565.0,6,1,0,0,0,1,582
2566.0,6,1,0,0,0,1,582
2567.0,6,1,0,0,1,2,582
2568.0,6,1,0,0,1,2,582
2569.0,6,1,0,0,1,2,582
2570.0,7,1,0,0,1,2,583
2571.0,7,1,0,0,1,2,583
2572.0,7,1,0,0,1,2,583
2573.0,0,0,0,0,1,1,584
2574.0,0,0,0,0,1,1,584
2575.0,0,0,0,0,1,1,584
2576.0,0,0,0,1,1,2,584
2577.0,0,0,0,0,1,1,584
2578.0,1,0,0,0,1,1,585
2579.0,1,0,0,0,1,1,585
2580.0,1,0,0,0,1,1,585
2581.0,2,0,0,0,2,2,586
2582.0,2,0,0,0,1,1,586
2583.0,2,0,0,0,1,1,586
2584.0,2,0,0,0,1,1,586
2585.0,2,0,0,0,1,1,586
2586.0,3,0,1,1,1,3,587
2587.0,3,0,0,1,1,2,587
2588.0,3,0,0,1,1,2,587
2589.0,4,0,0,0,0,0,588
2590.0,4,0,0,0,0,0,588
2591.0,4,0,0,0,0,0,588
2592.0,4,0,0,0,0,0,588
2593.0,4,0,0,0,0,0,588
2594.0,5,0,0,0,0,0,589
2595.0,5,0,0,0,0,0,589
2596.0,5,0,1,0,0,1,589
2597.0,6,0,1,0,0,1,590
2598.0,6,0,1,0,0,1,590
2599.0,6,0,2,0,0,2,590
2600.0,6,0,2,0,0,2,590
2601.0,6,1,2,0,0,3,590
2602.0,7,0,2,0,0,2,591
2603.0,7,0,2,0,0,2,591
2604.0,7,0,2,0,0,2,591
2605.0,0,0,1,0,0,1,592
2606.0,0,0,0,0,1,1,592
2607.0,0,0,0,0,0,0,592
2608.0,0,0,0,0,0,0,592
2609.0,0,0,0,0,0,0,592
2610.0,1,0,0,1,0,1,593
2611.0,1,0,0,1,0,1,593
2612.0,1,0,0,1,0,1,593
2613.0,2,0,0,1,0,1,594
2614.0,2,0,0,1,0,1,594
2615.0,2,0,0,1,0,1,594
2616.0,2,0,0,1,0,1,594
2617.0,2,0,0,1,0,1,594
2618.0,3,0,0,1,1,2,595
2619.0,3,0,0,1,1,2,595
2620.0,3,0,0,1,1,2,595
2621.0,4,0,1,0,0,1,596
2622.0,4,0,0,0,0,0,596
2623.0,4,0,0,0,0,0,596
2624.0,4,0,0,0,0,0,596
2625.0,4,1,0,0,0,1,596
2626.0,5,1,1,0,0,2,597
2627.0,5,1,0,0,0,1,597
2628.0,5,1,0,0,0,1,597
2629.0,6,1,0,0,0,1,598
2630.0,6,1,0,0,0,1,598
2631.0,6,1,0,1,0,2,598
2632.0,6,1,0,0,0,1,598
2633.0,6,1,1,0,0,2,598
2634.0,7,1,1,0,0,2,599
2635.0,7,1,1,0,0,2,599
2636.0,7,1,1,0,0,2,599
2637.0,0,0,1,0,0,1,600
2638.0,0,0,0,0,0,0,600
2639.0,0,0,0,0,0,0,600
2640.0,0,0,1,0,0,1,600
2641.0,0,0,0,0,1,1,600
2642.0,1,0,0,0,0,0,601
2643.0,1,0,0,0,0,0,601
2644.0,1,0,0,0,0,0,601
2645.0,2,0,0,0,0,0,602
2646.0,2,0,1,1,0,2,602
2647.0,2,0,1,0,0,1,602
2648.0,2,0,1,0,0,1,602
2649.0,2,0,1,0,0,1,602
2650.0,3,0,1,0,0,1,603
2651.0,3,0,1,1,0,2,603
2652.0,3,0,1,1,0,2,603
2653.0,4,0,1,0,0,1,604
2654.0,4,0,1,0,0,1,604
2655.0,4,0,1,0,0,1,604
2656.0,4,0,1,0,1,2,604
2657.0,4,0,1,0,0,1,604
2658.0,5,0,1,0,0,1,605
2659.0,5,0,1,0,0,1,605
2660.0,5,0,1,0,0,1,605
2661.0,6,0,1,0,0,1,606
2662.0,6,0,1,0,0,1,606
2663.0,6,0,1,0,0,1,606
2664.0,6,0,1,0,0,1,606
2665.0,6,0,1,0,0,1,606
2666.0,7,0,1,0,1,2,607
2667.0,7,0,1,0,1,2,607
2668.0,7,0,1,1,1,3,607
2669.0,0,0,0,1,1,2,608
2670.0,0,0,0,1,1,2,608
2671.0,0,0,0,1,2,3,608
2672.0,0,0,0,1,1,2,608
2673.0,0,0,0,1,1,2,608
2674.0,1,0,0,1,1,2,609
2675.0,1,0,0,1,1,2,609
2676.0,1,0,1,1,1,3,609
2677.0,2,0,0,1,1,2,610
2678.0,2,0,0,1,1,2,610
2679.0,2,0,0,1,1,2,610
2680.0,2,0,0,1,1,2,610
2681.0,2,0,0,1,2,3,610
2682.0,3,0,0,1,2,3,611
2683.0,3,0,0,1,3,4,611
2684.0,3,0,0,1,3,4,611
2685.0,4,0,0,0,1,1,612
2686.0,4,0,1,0,0,1,612
2687.0,4,0,1,0,0,1,612
2688.0,4,0,1,0,0,1,612
2689.0,4,0,1,0,0,1,612
2690.0,5,0,1,0,0,1,613
2691.0,5,1,1,0,0,2,613
2692.0,5,0,1,0,0,1,613
2693.0,6,0,1,0,0,1,614
2694.0,6,0,1,0,0,1,614
2695.0,6,0,1,0,0,1,614
2696.0,6,0,3,0,0,3,614
2697.0,6,0,2,0,0,2,614
2698.0,7,0,2,0,0,2,615
2699.0,7,0,2,0,1,3,615
2700.0,7,0,2,0,1,3,615
2701.0,0,0,1,0,1,2,616
2702.0,0,0,0,0,1,1,616
2703.0,0,0,0,0,1,1,616
2704.0,0,0,0,0,1,1,616
2705.0,0,0,0,0,1,1,616
2706.0,0,0,0,0,1,1,616
2707.0,0,0,0,0,1,1,616
2708.0,0,0,0,0,1,1,616
2709.0,0,0,0,0,1,1,616
2710.0,0,0,0,0,1,1,616
2711.0,1,0,0,0,2,2,617
2712.0,1,0,0,0,1,1,617
2713.0,1,0,0,0,1,1,617
2714.0,2,0,0,0,1,1,618
2715.0,2,0,0,0,1,1,618
2716.0,2,0,0,0,1,1,618
2717.0,2,0,0,0,1,1,618
2718.0,2,0,0,0,1,1,618
2719.0,3,0,0,0,1,1,619
2720.0,3,0,0,0,1,1,619
2721.0,3,0,0,0,1,1,619
2722.0,4,0,0,0,0,0,620
2723.0,4,0,0,0,0,0,620
2724.0,4,0,0,0,0,0,620
2725.0,4,0,0,0,0,0,620
2726.0,4,0,0,0,1,1,620
2727.0,5,0,0,0,0,0,621
2728.0,5,0,1,0,0,1,621
2729.0,5,0,1,0,0,1,621
2730.0,6,0,1,0,0,1,622
2731.0,6,0,1,0,0,1,622
2732.0,6,0,1,0,0,1,622
2733.0,6,0,1,0,0,1,622
2734.0,6,0,1,0,0,1,622
2735.0,7,0,1,0,0,1,623
2736.0,7,0,2,1,0,3,623
2737.0,7,0,1,1,1,3,623
2738.0,0,0,0,1,1,2,624
2739.0,0,0,0,1,1,2,624
2740.0,0,0,0,1,1,2,624
2741.0,0,1,0,1,1,3,624
2742.0,0,0,0,1,1,2,624
2743.0,0,0,0,1,1,2,624
2744.0,0,0,0,1,1,2,624
2745.0,0,0,0,1,1,2,624
2746.0,0,0,0,2,1,3,624
2747.0,0,0,0,2,1,3,624
2748.0,0,0,0,2,1,3,624
2749.0,1,0,0,2,1,3,625
2750.0,1,0,0,2,1,3,625
2751.0,1,0,1,2,1,4,625
2752.0,2,0,0,2,1,3,626
2753.0,2,0,0,2,1,3,626
2754.0,2,0,0,2,2,4,626
2755.0,2,0,0,2,2,4,626
2756.0,2,0,0,2,2,4,626
2757.0,3,0,0,3,2,5,627
2758.0,3,0,0,3,2,5,627
2759.0,3,0,0,3,2,5,627
2760.0,4,1,0,1,1,3,628
2761.0,4,1,0,0,0,1,628
2762.0,4,1,0,0,0,1,628
2763.0,4,1,0,0,0,1,628
2764.0,4,1,0,0,0,1,628
2765.0,4,1,0,0,0,1,628
2766.0,5,2,0,0,0,2,629
2767.0,5,1,0,0,0,1,629
2768.0,5,1,0,0,0,1,629
2769.0,6,1,0,0,0,1,630
2770.0,6,1,0,0,0,1,630
2771.0,6,1,0,0,1,2,630
2772.0,6,1,0,0,0,1,630
2773.0,6,1,0,0,0,1,630
2774.0,7,1,0,0,0,1,631
2775.0,7,1,0,0,0,1,631
2776.0,7,1,0,0,0,1,631
2777.0,0,0,0,0,0,0,632
2778.0,0,0,0,0,0,0,632
2779.0,0,0,0,0,0,0,632
2780.0,0,0,0,0,0,0,632
2781.0,0,0,1,1,0,2,632
2782.0,1,0,0,1,1,2,633
2783.0,1,0,0,1,1,2,633
2784.0,1,0,0,1,1,2,633
2785.0,2,0,0,1,1,2,634
2786.0,2,0,1,1,1,3,634
2787.0,2,0,0,1,1,2,634
2788.0,2,1,0,2,1,4,634
2789.0,2,1,0,2,1,4,634
2790.0,2,1,0,2,1,4,634
2791.0,2,1,0,2,1,4,634
2792.0,3,1,0,2,1,4,635
2793.0,3,1,0,2,1,4,635
2794.0,3,1,0,2,1,4,635
2795.0,4,1,0,1,0,2,636
2796.0,4,1,0,0,0,1,636
2797.0,4,1,0,0,0,1,636
2798.0,4,1,1,0,0,2,636
2799.0,4,1,1,0,0,2,636
2800.0,4,1,1,0,0,2,636
2801.0,4,1,1,0,0,2,636
2802.0,4,1,1,0,0,2,636
2803.0,5,1,1,0,0,2,637
2804.0,5,1,1,0,0,2,637
2805.0,5,1,1,0,0,2,637
2806.0,6,1,1,0,0,2,638
2807.0,6,1,1,0,0,2,638
2808.0,6,1,1,0,0,2,638
2809.0,6,1,1,0,0,2,638
2810.0,6,1,1,0,0,2,638
2811.0,7,2,1,1,0,4,639
2812.0,7,1,1,1,0,3,639
2813.0,7,1,1,1,0,3,639
2814.0,0,0,0,1,0,1,640
2815.0,0,0,0,1,0,1,640
2816.0,0,1,0,1,0,2,640
2817.0,0,0,0,1,0,1,640
2818.0,0,0,0,1,0,1,640
2819.0,1,0,0,1,0,1,641
2820.0,1,0,0,1,0,1,641
2821.0,1,0,0,1,0,1,641
2822.0,2,0,0,1,0,1,642
2823.0,2,0,0,1,0,1,642
2824.0,2,0,0,1,0,1,642
2825.0,2,0,0,1,0,1,642
2826.0,2,0,0,1,0,1,642
2827.0,3,0,0,1,0,1,643
2828.0,3,0,0,1,1,2,643
2829.0,3,0,1,1,1,3,643
2830.0,4,0,1,0,0,1,644
2831.0,4,0,2,0,0,2,644
2832.0,4,0,1,0,0,1,644
2833.0,4,0,1,0,0,1,644
2834.0,4,1,2,0,0,3,644
2835.0,5,1,2,0,0,3,645
2836.0,5,1,2,1,0,4,645
2837.0,5,1,2,0,0,3,645
2838.0,6,2,2,0,0,4,646
2839.0,6,2,2,0,0,4,646
2840.0,6,2,2,0,0,4,646
2841.0,6,2,3,0,0,5,646
2842.0,6,2,3,0,0,5,646
2843.0,7,2,3,0,0,5,647
2844.0,7,2,3,0,0,5,647
2845.0,7,2,3,0,0,5,647
2846.0,0,1,1,0,1,3,648
2847.0,0,0,0,0,0,0,648
2848.0,0,0,0,0,0,0,648
2849.0,0,0,0,0,0,0,648
2850.0,0,0,0,0,0,0,648
2851.0,0,0,0,0,0,0,648
2852.0,0,0,0,0,0,0,648
2853.0,1,0,0,0,0,0,649
2854.0,1,0,0,0,1,1,649
2855.0,1,0,0,0,1,1,649
2856.0,2,0,1,0,1,2,650
2857.0,2,0,0,0,2,2,650
2858.0,2,0,0,0,2,2,650
2859.0,2,0,0,0,2,2,650
2860.0,2,0,0,0,2,2,650
2861.0,3,1,0,0,2,3,651
2862.0,3,0,0,0,2,2,651
2863.0,3,0,0,0,2,2,651
2864.0,4,0,0,0,0,0,652
2865.0,4,0,0,0,0,0,652
2866.0,4,0,0,0,0,0,652
2867.0,4,0,0,0,0,0,652
2868.0,4,0,0,0,0,0,652
2869.0,5,0,0,0,0,0,653
2870.0,5,0,0,0,0,0,653
2871.0,5,0,0,0,0,0,653
2872.0,6,0,0,0,0,0,654
2873.0,6,0,0,0,0,0,654
2874.0,6,0,0,0,0,0,654
2875.0,6,0,0,0,0,0,654
2876.0,6,0,0,0,0,0,654
2877.0,6,0,0,0,0,0,654
2878.0,7,0,1,0,0,1,655
2879.0,7,0,1,0,0,1,655
2880.0,7,0,1,0,0,1,655
2881.0,0,0,0,0,0,0,656
2882.0,0,0,0,0,0,0,656
2883.0,0,0,0,0,0,0,656
2884.0,0,0,0,0,0,0,656
2885.0,0,0,0,0,0,0,656
2886.0,1,0,0,0,1,1,657
2887.0,1,0,0,0,0,0,657
2888.0,1,0,0,0,0,0,657
2889.0,2,0,0,0,0,0,658
2890.0,2,0,0,0,0,0,658
2891.0,2,0,0,1,0,1,658
2892.0,2,0,0,1,0,1,658
2893.0,2,0,0,1,0,1,658
2894.0,3,0,0,1,0,1,659
2895.0,3,0,0,2,0,2,659
2896.0,3,0,0,3,0,3,659
2897.0,4,0,1,1,0,2,660
2898.0,4,0,1,0,0,1,660
2899.0,4,0,1,0,0,1,660
2900.0,4,0,1,0,0,1,660
2901.0,4,0,1,0,0,1,660
2902.0,5,0,1,0,0,1,661
2903.0,5,0,2,0,0,2,661
2904.0,5,0,2,0,0,2,661
2905.0,6,0,2,0,0,2,662
2906.0,6,0,2,0,1,3,662
2907.0,6,0,2,0,0,2,662
2908.0,6,0,2,0,0,2,662
2909.0,6,0,2,0,0,2,662
2910.0,7,0,2,0,0,2,663
2911.0,7,0,3,0,0,3,663
2912.0,7,0,3,0,0,3,663
2913.0,0,0,0,0,0,0,664
2914.0,0,0,0,0,0,0,664
2915.0,0,0,0,1,0,1,664
2916.0,0,0,0,0,1,1,664
2917.0,0,0,0,0,1,1,664
2918.0,1,0,0,0,1,1,665
2919.0,1,0,0,0,1,1,665
2920.0,1,0,0,0,1,1,665
2921.0,2,0,0,0,1,1,666
2922.0,2,0,0,0,1,1,666
2923.0,2,0,0,0,1,1,666
2924.0,2,0,0,0,1,1,666
2925.0,2,0,0,1,1,2,666
2926.0,3,0,0,2,1,3,667
2927.0,3,0,0,1,1,2,667
2928.0,3,0,0,1,1,2,667
2929.0,4,0,0,0,0,0,668
2930.0,4,0,0,0,0,0,668
2931.0,4,0,1,0,0,1,668
2932.0,4,0,0,0,0,0,668
2933.0,4,0,0,0,0,0,668
2934.0,4,0,0,0,0,0,668
2935.0,4,0,0,0,0,0,668
2936.0,5,0,0,0,1,1,669
2937.0,5,0,0,0,0,0,669
2938.0,5,0,0,0,0,0,669
2939.0,6,0,0,0,0,0,670
2940.0,6,0,0,0,0,0,670
2941.0,6,0,0,0,0,0,670
2942.0,6,0,1,0,0,1,670
2943.0,6,0,1,0,0,1,670
2944.0,7,0,1,0,0,1,671
2945.0,7,0,1,0,0,1,671
2946.0,7,0,2,0,0,2,671
2947.0,0,0,0,0,1,1,672
2948.0,0,0,0,0,1,1,672
2949.0,0,0,0,0,1,1,672
2950.0,0,0,0,0,1,1,672
2951.0,0,0,0,0,1,1,672
2952.0,1,0,0,0,1,1,673
2953.0,1,0,0,0,1,1,673
2954.0,1,0,0,0,1,1,673
2955.0,2,0,0,0,1,1,674
2956.0,2,0,0,0,1,1,674
2957.0,2,0,0,0,1,1,674
2958.0,2,0,0,0,1,1,674
2959.0,2,0,0,0,1,1,674
2960.0,3,0,0,0,1,1,675
2961.0,3,0,0,2,1,3,675
2962.0,3,0,0,1,1,2,675
2963.0,4,0,0,0,0,0,676
2964.0,4,0,0,0,0,0,676
2965.0,4,0,0,0,0,0,676
2966.0,4,0,0,1,0,1,676
2967.0,4,0,0,0,0,0,676
2968.0,4,0,0,0,0,0,676
2969.0,4,0,0,0,0,0,676
2970.0,4,0,0,0,0,0,676
2971.0,5,1,0,0,0,1,677
2972.0,5,0,0,0,0,0,677
2973.0,5,0,0,0,0,0,677
2974.0,6,0,0,0,0,0,678
2975.0,6,0,0,0,0,0,678
2976.0,6,0,0,0,0,0,678
2977.0,6,0,0,1,0,1,678
2978.0,6,0,0,1,0,1,678
2979.0,7,0,0,1,0,1,679
2980.0,7,0,0,1,0,1,679
2981.0,7,0,0,1,0,1,679
2982.0,0,0,0,1,0,1,680
2983.0,0,0,0,1,0,1,680
2984.0,0,0,0,1,0,1,680
2985.0,0,0,0,1,1,2,680
2986.0,0,0,0,1,1,2,680
2987.0,1,0,0,1,1,2,681
2988.0,1,0,0,1,1,2,681
2989.0,1,0,0,1,1,2,681
2990.0,2,0,0,1,1,2,682
2991.0,2,0,0,1,1,2,682
2992.0,2,0,0,1,1,2,682
2993.0,2,0,0,1,1,2,682
2994.0,2,1,0,1,1,3,682
2995.0,3,1,0,1,1,3,683
2996.0,3,1,0,1,1,3,683
2997.0,3,1,0,1,1,3,683
2998.0,4,1,0,0,0,1,684
2999.0,4,1,0,0,0,1,684
3000.0,4,1,0,0,0,1,684
3001.0,4,1,0,0,1,2,684
3002.0,4,1,0,0,0,1,684
3003.0,4,1,1,0,0,2,684
3004.0,5,1,1,0,0,2,685
3005.0,5,1,1,0,0,2,685
3006.0,5,2,1,0,0,3,685
3007.0,6,1,1,0,0,2,686
3008.0,6,1,1,0,0,2,686
3009.0,6,1,1,0,0,2,686
3010.0,6,1,1,0,0,2,686
3011.0,6,1,1,0,0,2,686
3012.0,7,1,1,0,0,2,687
3013.0,7,1,2,0,1,4,687
3014.0,7,1,2,0,1,4,687
3015.0,0,0,1,0,1,2,688
3016.0,0,0,0,0,1,1,688
3017.0,0,0,0,0,1,1,688
3018.0,0,0,0,0,1,1,688
3019.0,0,0,0,0,1,1,688
3020.0,1,0,0,0,1,1,689
3021.0,1,0,1,0,1,2,689
3022.0,1,0,0,0,1,1,689
3023.0,2,0,0,0,1,1,690
3024.0,2,0,0,0,1,1,690
3025.0,2,0,0,0,1,1,690
3026.0,2,0,1,0,1,2,690
3027.0,2,1,0,0,1,2,690
3028.0,3,1,0,0,2,3,691
3029.0,3,1,0,0,2,3,691
3030.0,3,1,0,0,2,3,691
3031.0,4,1,0,1,1,3,692
3032.0,4,1,0,0,0,1,692
3033.0,4,1,0,0,0,1,692
3034.0,4,1,1,0,0,2,692
3035.0,4,1,1,0,0,2,692
3036.0,5,1,2,0,0,3,693
3037.0,5,1,2,0,0,3,693
3038.0,5,1,2,0,0,3,693
3039.0,6,1,2,0,0,3,694
3040.0,6,1,2,0,0,3,694
3041.0,6,1,2,0,0,3,694
3042.0,6,1,2,0,0,3,694
3043.0,6,1,2,0,0,3,694
3044.0,7,1,2,0,0,3,695
3045.0,7,1,2,0,0,3,695
3046.0,7,1,2,0,0,3,695
3047.0,0,0,1,0,0,1,696
3048.0,0,0,0,0,1,1,696
3049.0,0,0,0,0,1,1,696
3050.0,0,0,0,0,1,1,696
3051.0,0,0,0,0,1,1,696
3052.0,1,0,0,0,1,1,697
3053.0,1,0,0,1,1,2,697
3054.0,1,0,0,1,1,2,697
3055.0,2,0,0,1,1,2,698
3056.0,2,0,0,1,1,2,698
3057.0,2,0,0,1,1,2,698
3058.0,2,0,0,1,1,2,698
3059.0,2,0,0,1,1,2,698
3060.0,3,0,0,1,1,2,699
3061.0,3,0,0,1,1,2,699
3062.0,3,0,0,1,1,2,699
3063.0,4,0,0,0,0,0,700
3064.0,4,0,0,0,0,0,700
3065.0,4,0,0,0,0,0,700
3066.0,4,0,1,0,1,2,700
3067.0,4,0,1,0,0,1,700
3068.0,4,0,1,0,0,1,700
3069.0,4,0,1,0,0,1,700
3070.0,5,0,1,0,0,1,701
3071.0,5,0,1,0,0,1,701
3072.0,5,0,1,0,0,1,701
3073.0,6,0,1,0,0,1,702
3074.0,6,0,1,0,0,1,702
3075.0,6,0,1,0,0,1,702
3076.0,6,1,1,0,0,2,702
3077.0,6,0,1,0,0,1,702
3078.0,7,0,1,0,0,1,703
3079.0,7,0,1,0,0,1,703
3080.0,7,0,1,0,0,1,703
3081.0,0,0,1,0,0,1,704
3082.0,0,0,0,0,0,0,704
3083.0,0,0,0,0,0,0,704
3084.0,0,0,0,0,0,0,704
3085.0,0,0,0,0,0,0,704
3086.0,1,0,0,0,0,0,705
3087.0,1,0,0,0,0,0,705
3088.0,1,0,0,0,0,0,705
3089.0,2,0,0,0,0,0,706
3090.0,2,0,0,0,0,0,706
3091.0,2,0,0,0,0,0,706
3092.0,2,0,0,0,0,0,706
3093.0,2,0,0,0,0,0,706
3094.0,3,0,0,0,0,0,707
3095.0,3,0,0,0,0,0,707
3096.0,3,0,0,0,0,0,707
3097.0,4,0,0,0,0,0,708
3098.0,4,0,0,0,0,0,708
3099.0,4,0,0,0,0,0,708
3100.0,4,0,0,0,0,0,708
3101.0,4,0,0,0,0,0,708
3102.0,4,1,0,0,0,1,708
3103.0,4,1,0,0,0,1,708
3104.0,4,1,0,0,0,1,708
3105.0,4,1,0,0,0,1,708
3106.0,5,1,0,0,0,1,709
3107.0,5,1,0,0,0,1,709
3108.0,5,1,0,0,0,1,709
3109.0,6,1,0,0,0,1,710
3110.0,6,1,0,0,0,1,710
3111.0,6,1,0,1,0,2,710
3112.0,6,1,0,1,0,2,710
3113.0,6,1,0,1,0,2,710
3114.0,7,1,0,1,0,2,711
3115.0,7,1,0,1,0,2,711
3116.0,7,2,0,2,0,4,711
3117.0,0,0,0,2,0,2,712
3118.0,0,0,0,2,0,2,712
3119.0,0,0,0,2,0,2,712
3120.0,0,0,0,2,0,2,712
3121.0,0,0,0,2,0,2,712
3122.0,1,0,0,2,0,2,713
3123.0,1,0,0,2,0,2,713
3124.0,1,0,0,2,0,2,713
3125.0,2,0,0,2,0,2,714
3126.0,2,0,0,2,0,2,714
3127.0,2,0,0,3,0,3,714
3128.0,2,0,0,4,0,4,714
3129.0,2,0,0,4,0,4,714
3130.0,3,0,0,4,0,4,715
3131.0,3,0,0,4,0,4,715
3132.0,3,0,0,4,0,4,715
3133.0,4,0,0,2,0,2,716
3134.0,4,0,0,1,0,1,716
3135.0,4,0,0,0,0,0,716
3136.0,4,0,0,0,0,0,716
3137.0,4,0,0,0,0,0,716
3138.0,5,1,0,0,0,1,717
3139.0,5,1,0,0,1,2,717
3140.0,5,1,0,0,0,1,717
3141.0,6,1,1,0,0,2,718
3142.0,6,1,0,1,0,2,718
3143.0,6,1,0,1,0,2,718
3144.0,6,1,0,1,1,3,718
3145.0,6,1,0,1,1,3,718
3146.0,7,1,0,1,2,4,719
3147.0,7,1,0,1,1,3,719
3148.0,7,1,0,1,1,3,719
3149.0,0,0,0,1,1,2,720
3150.0,0,0,0,1,1,2,720
3151.0,0,0,0,1,1,2,720
3152.0,0,0,0,1,1,2,720
3153.0,0,0,0,1,1,2,720
3154.0,0,0,0,1,1,2,720
3155.0,1,0,0,1,1,2,721
3156.0,1,0,0,2,1,3,721
3157.0,1,0,0,1,1,2,721
3158.0,2,0,0,1,2,3,722
3159.0,2,0,0,1,2,3,722
3160.0,2,0,0,1,2,3,722
3161.0,2,0,1,1,2,4,722
3162.0,2,0,0,1,2,3,722
3163.0,3,0,0,1,2,3,723
3164.0,3,0,0,1,2,3,723
3165.0,3,0,0,1,2,3,723
3166.0,4,0,0,0,0,0,724
3167.0,4,0,0,0,0,0,724
3168.0,4,0,0,0,0,0,724
3169.0,4,0,0,0,0,0,724
3170.0,4,0,0,0,0,0,724
3171.0,5,0,1,0,0,1,725
3172.0,5,0,1,0,0,1,725
3173.0,5,0,1,0,0,1,725
3174.0,6,0,1,0,0,1,726
3175.0,6,0,1,0,0,1,726
3176.0,6,0,1,0,1,2,726
3177.0,6,0,1,0,0,1,726
3178.0,6,0,1,0,0,1,726
3179.0,7,0,1,0,0,1,727
3180.0,7,0,1,0,0,1,727
3181.0,7,0,2,0,0,2,727
3182.0,0,0,0,0,0,0,728
3183.0,0,0,0,0,0,0,728
3184.0,0,0,0,0,0,0,728
3185.0,0,0,0,0,1,1,728
3186.0,0,1,0,0,1,2,728
3187.0,1,0,0,0,1,1,729
3188.0,1,0,0,1,1,2,729
3189.0,1,0,0,1,1,2,729
3190.0,2,0,0,1,1,2,730
3191.0,2,0,0,1,2,3,730
3192.0,2,0,0,1,1,2,730
3193.0,2,0,0,1,1,2,730
3194.0,2,0,0,1,1,2,730
3195.0,3,0,0,1,1,2,731
3196.0,3,0,1,1,1,3,731
3197.0,3,0,1,1,1,3,731
3198.0,4,0,1,0,1,2,732
3199.0,4,0,1,0,0,1,732
3200.0,4,0,1,0,0,1,732
3201.0,4,0,1,0,1,2,732
3202.0,4,0,1,0,0,1,732
3203.0,5,0,1,0,0,1,733
3204.0,5,0,1,0,0,1,733
3205.0,5,0,1,0,0,1,733
3206.0,6,1,2,0,0,3,734
3207.0,6,0,2,0,0,2,734
3208.0,6,0,2,0,0,2,734
3209.0,6,0,2,0,0,2,734
3210.0,6,0,2,0,0,2,734
3211.0,7,0,2,0,1,3,735
3212.0,7,1,2,0,1,4,735
3213.0,7,1,2,0,1,4,735
3214.0,0,0,0,0,1,1,736
3215.0,0,0,0,0,1,1,736
3216.0,0,0,0,0,1,1,736
3217.0,0,0,0,1,1,2,736
3218.0,0,0,0,0,1,1,736
3219.0,1,0,0,0,1,1,737
3220.0,1,0,0,0,1,1,737
3221.0,1,0,0,0,1,1,737
3222.0,2,0,0,0,2,2,738
3223.0,2,0,0,1,2,3,738
3224.0,2,0,0,1,2,3,738
3225.0,2,0,0,1,2,3,738
3226.0,2,0,0,1,3,4,738
3227.0,3,0,0,2,2,4,739
3228.0,3,0,0,2,2,4,739
3229.0,3,0,0,2,2,4,739
3230.0,4,0,0,0,0,0,740
3231.0,4,1,0,0,0,1,740
3232.0,4,1,0,0,0,1,740
3233.0,4,1,0,0,0,1,740
3234.0,4,1,0,0,0,1,740
3235.0,4,1,0,0,0,1,740
3236.0,4,1,0,0,1,2,740
3237.0,4,1,0,0,0,1,740
3238.0,4,1,0,0,0,1,740
3239.0,5,1,0,0,0,1,741
3240.0,5,1,0,0,0,1,741
3241.0,5,1,0,0,1,2,741
3242.0,6,1,0,0,0,1,742
3243.0,6,1,0,0,0,1,742
3244.0,6,1,0,0,0,1,742
3245.0,6,1,0,0,0,1,742
3246.0,6,2,0,0,0,2,742
3247.0,7,1,0,0,0,1,743
3248.0,7,1,0,0,1,2,743
3249.0,7,1,0,0,1,2,743
3250.0,0,0,0,0,2,2,744
3251.0,0,0,0,0,2,2,744
3252.0,0,0,0,0,2,2,744
3253.0,0,0,0,0,2,2,744
3254.0,0,0,0,0,2,2,744
3255.0,1,0,0,0,2,2,745
3256.0,1,0,1,0,2,3,745
3257.0,1,0,0,0,2,2,745
3258.0,2,0,0,0,2,2,746
3259.0,2,0,0,0,2,2,746
3260.0,2,0,0,0,2,2,746
3261.0,2,0,0,0,3,3,746
3262.0,2,0,0,0,2,2,746
3263.0,2,0,0,0,2,2,746
3264.0,2,0,0,0,2,2,746
3265.0,2,0,0,0,2,2,746
3266.0,2,0,0,0,2,2,746
3267.0,3,0,0,0,2,2,747
3268.0,3,0,0,0,2,2,747
3269.0,3,0,0,0,2,2,747
3270.0,4,1,0,0,0,1,748
3271.0,4,1,0,0,0,1,748
3272.0,4,1,0,0,0,1,748
3273.0,4,1,0,0,0,1,748
3274.0,4,1,0,0,0,1,748
3275.0,5,1,0,0,0,1,749
3276.0,5,1,0,0,0,1,749
3277.0,5,1,0,0,0,1,749
3278.0,6,1,0,0,0,1,750
3279.0,6,1,1,0,0,2,750
3280.0,6,1,1,0,0,2,750
3281.0,6,1,1,0,0,2,750
3282.0,6,1,1,0,0,2,750
3283.0,7,1,1,0,0,2,751
3284.0,7,1,1,0,0,2,751
3285.0,7,1,1,0,0,2,751
3286.0,0,0,0,0,0,0,752
3287.0,0,0,0,1,0,1,752
3288.0,0,0,0,1,0,1,752
3289.0,0,0,0,1,0,1,752
3290.0,0,0,0,1,0,1,752
3291.0,1,0,0,1,0,1,753
3292.0,1,0,0,1,0,1,753
3293.0,1,0,0,1,0,1,753
3294.0,2,0,0,1,0,1,754
3295.0,2,0,0,1,0,1,754
3296.0,2,0,1,1,0,2,754
3297.0,2,0,1,1,0,2,754
3298.0,2,0,1,1,0,2,754
3299.0,3,0,1,1,0,2,755
3300.0,3,0,1,1,0,2,755
3301.0,3,0,1,1,1,3,755
3302.0,4,0,1,0,0,1,756
3303.0,4,0,1,0,0,1,756
3304.0,4,0,1,0,0,1,756
3305.0,4,0,2,0,0,2,756
3306.0,4,0,3,0,0,3,756
3307.0,4,0,3,0,0,3,756
3308.0,4,0,3,0,0,3,756
3309.0,4,0,3,0,0,3,756
3310.0,4,0,3,0,0,3,756
3311.0,4,0,3,0,0,3,756
3312.0,4,0,4,0,0,4,756
3313.0,5,0,4,0,0,4,757
3314.0,5,0,4,0,0,4,757
3315.0,5,0,4,0,0,4,757
3316.0,6,1,4,0,0,5,758
3317.0,6,0,4,0,0,4,758
3318.0,6,0,4,0,0,4,758
3319.0,6,0,4,0,0,4,758
3320.0,6,0,4,0,0,4,758
3321.0,7,1,4,0,0,5,759
3322.0,7,0,4,0,0,4,759
3323.0,7,0,4,0,0,4,759
3324.0,0,0,1,0,0,1,760
3325.0,0,0,0,0,0,0,760
3326.0,0,0,0,0,0,0,760
3327.0,0,0,0,0,0,0,760
3328.0,0,0,0,0,0,0,760
3329.0,1,0,0,0,0,0,761
3330.0,1,0,0,0,1,1,761
3331.0,1,0,0,0,1,1,761
3332.0,2,0,0,0,1,1,762
3333.0,2,0,0,0,1,1,762
3334.0,2,0,0,0,1,1,762
3335.0,2,0,0,0,1,1,762
3336.0,2,0,0,0,1,1,762
3337.0,2,0,0,0,1,1,762
3338.0,2,0,0,0,1,1,762
3339.0,3,0,0,0,1,1,763
3340.0,3,0,0,0,1,1,763
3341.0,3,0,0,0,1,1,763
3342.0,4,0,0,0,0,0,764
3343.0,4,1,0,0,0,1,764
3344.0,4,1,0,0,0,1,764
3345.0,4,1,0,0,0,1,764
3346.0,4,1,0,1,0,2,764
3347.0,4,1,0,0,0,1,764
3348.0,4,1,0,0,0,1,764
3349.0,4,1,0,0,0,1,764
3350.0,4,1,0,0,0,1,764
3351.0,5,1,0,1,0,2,765
3352.0,5,1,0,0,0,1,765
3353.0,5,1,0,0,0,1,765
3354.0,6,1,0,0,0,1,766
3355.0,6,1,0,0,0,1,766
3356.0,6,1,0,0,0,1,766
3357.0,6,1,0,0,0,1,766
3358.0,6,1,0,1,0,2,766
3359.0,7,1,0,1,0,2,767
3360.0,7,1,0,1,0,2,767
3361.0,7,2,0,1,0,3,767
3362.0,0,0,0,1,0,1,768
3363.0,0,0,0,1,0,1,768
3364.0,0,0,0,1,0,1,768
3365.0,0,0,0,2,0,2,768
3366.0,0,0,0,4,0,4,768
3367.0,1,0,0,1,0,1,769
3368.0,1,0,0,1,0,1,769
3369.0,1,0,0,1,0,1,769
3370.0,2,0,0,1,0,1,770
3371.0,2,0,0,1,0,1,770
3372.0,2,0,0,2,0,2,770
3373.0,2,0,0,2,0,2,770
3374.0,2,0,0,3,0,3,770
3375.0,3,0,0,3,0,3,771
3376.0,3,0,1,3,0,4,771
3377.0,3,0,0,4,0,4,771
3378.0,4,0,0,2,0,2,772
3379.0,4,0,0,1,0,1,772
3380.0,4,0,0,0,0,0,772
3381.0,4,0,1,0,0,1,772
3382.0,4,0,1,0,0,1,772
3383.0,5,0,1,0,0,1,773
3384.0,5,0,1,0,0,1,773
3385.0,5,1,1,0,0,2,773
3386.0,6,2,2,1,0,5,774
3387.0,6,1,2,1,0,4,774
3388.0,6,1,2,1,0,4,774
3389.0,6,1,2,1,0,4,774
3390.0,6,1,2,1,0,4,774
3391.0,7,2,2,1,0,5,775
3392.0,7,1,3,1,0,5,775
3393.0,7,1,3,1,0,5,775
3394.0,0,0,1,1,0,2,776
3395.0,0,0,0,1,0,1,776
3396.0,0,0,0,1,0,1,776
3397.0,0,0,0,1,0,1,776
3398.0,0,0,0,1,0,1,776
3399.0,1,0,0,2,0,2,777
3400.0,1,0,0,2,0,2,777
3401.0,1,0,0,2,1,3,777
3402.0,2,0,0,2,0,2,778
3403.0,2,0,0,2,0,2,778
3404.0,2,0,1,2,0,3,778
3405.0,2,0,1,2,0,3,778
3406.0,2,0,1,2,0,3,778
3407.0,3,0,1,2,0,3,779
3408.0,3,0,1,2,0,3,779
3409.0,3,0,1,2,0,3,779
3410.0,4,0,1,0,0,1,780
3411.0,4,1,1,0,0,2,780
3412.0,4,0,1,0,0,1,780
3413.0,4,1,1,0,0,2,780
3414.0,4,1,1,0,0,2,780
3415.0,4,2,1,0,0,3,780
3416.0,4,2,1,0,0,3,780
3417.0,5,2,1,0,0,3,781
3418.0,5,2,1,0,0,3,781
3419.0,5,2,1,0,0,3,781
3420.0,6,2,1,0,0,3,782
3421.0,6,3,1,0,0,4,782
3422.0,6,2,1,0,0,3,782
3423.0,6,2,1,0,0,3,782
3424.0,6,2,1,0,0,3,782
3425.0,7,2,1,0,0,3,783
3426.0,7,2,1,0,1,4,783
3427.0,7,2,1,0,0,3,783
3428.0,0,1,0,0,0,1,784
3429.0,0,0,0,0,0,0,784
3430.0,0,0,0,0,0,0,784
3431.0,0,0,0,0,0,0,784
3432.0,0,0,0,0,0,0,784
3433.0,1,0,0,0,0,0,785
3434.0,1,0,0,0,0,0,785
3435.0,1,0,0,0,0,0,785
3436.0,2,0,0,0,0,0,786
3437.0,2,0,1,0,1,2,786
3438.0,2,0,0,0,1,1,786
3439.0,2,0,0,0,2,2,786
3440.0,2,0,0,0,2,2,786
3441.0,3,0,1,0,2,3,787
3442.0,3,0,0,0,2,2,787
3443.0,3,0,0,0,2,2,787
3444.0,4,1,0,0,0,1,788
3445.0,4,1,1,0,0,2,788
3446.0,4,1,1,0,0,2,788
3447.0,4,1,1,0,0,2,788
3448.0,4,1,2,0,0,3,788
3449.0,4,1,2,0,0,3,788
3450.0,4,1,2,0,0,3,788
3451.0,4,2,2,0,0,4,788
3452.0,5,1,3,0,0,4,789
3453.0,5,1,3,0,0,4,789
3454.0,5,1,3,0,0,4,789
3455.0,6,1,3,0,0,4,790
3456.0,6,1,4,0,0,5,790
3457.0,6,1,3,0,0,4,790
3458.0,6,1,3,0,0,4,790
3459.0,6,1,3,0,0,4,790
3460.0,7,1,3,0,0,4,791
3461.0,7,1,3,1,0,5,791
3462.0,7,1,3,0,0,4,791
3463.0,0,0,1,0,0,1,792
3464.0,0,0,0,0,0,0,792
3465.0,0,0,0,0,0,0,792
3466.0,0,0,0,0,0,0,792
3467.0,0,0,0,0,0,0,792
3468.0,0,0,0,1,0,1,792
3469.0,0,0,0,1,0,1,792
3470.0,0,0,0,1,0,1,792
3471.0,0,0,0,1,0,1,792
3472.0,1,0,0,2,0,2,793
3473.0,1,0,0,2,0,2,793
3474.0,1,0,0,2,0,2,793
3475.0,2,0,0,3,0,3,794
3476.0,2,1,0,3,0,4,794
3477.0,2,0,0,3,0,3,794
3478.0,2,0,0,4,0,4,794
3479.0,2,0,0,4,0,4,794
3480.0,3,0,0,4,0,4,795
3481.0,3,0,0,4,0,4,795
3482.0,3,0,0,4,0,4,795
3483.0,4,0,0,3,0,3,796
3484.0,4,0,0,2,0,2,796
3485.0,4,0,0,1,0,1,796
3486.0,4,0,0,0,0,0,796
3487.0,4,0,0,0,0,0,796
3488.0,4,0,0,0,0,0,796
3489.0,4,0,1,0,0,1,796
3490.0,4,0,0,0,0,0,796
3491.0,4,1,0,0,0,1,796
3492.0,5,0,0,0,0,0,797
3493.0,5,0,0,0,0,0,797
3494.0,5,0,0,0,0,0,797
3495.0,6,0,0,0,0,0,798
3496.0,6,0,0,0,0,0,798
3497.0,6,0,0,0,0,0,798
3498.0,6,0,0,0,0,0,798
3499.0,6,0,1,0,0,1,798
3500.0,7,0,1,0,0,1,799
3501.0,7,1,1,0,0,2,799
3502.0,7,1,1,0,0,2,799
3503.0,0,0,0,0,0,0,800
3504.0,0,0,0,0,0,0,800
3505.0,0,0,0,0,0,0,800
3506.0,0,0,0,0,0,0,800
3507.0,0,0,0,0,0,0,800
3508.0,1,0,0,0,0,0,801
3509.0,1,0,0,0,0,0,801
3510.0,1,0,0,0,0,0,801
3511.0,2,0,1,0,0,1,802
3512.0,2,0,0,0,0,0,802
3513.0,2,0,0,0,0,0,802
3514.0,2,0,0,0,0,0,802
3515.0,2,0,0,0,0,0,802
3516.0,3,0,0,0,0,0,803
3517.0,3,0,0,0,0,0,803
3518.0,3,0,0,0,0,0,803
3519.0,4,0,0,0,0,0,804
3520.0,4,0,0,0,0,0,804
3521.0,4,0,0,0,0,0,804
3522.0,4,0,1,0,0,1,804
3523.0,4,0,1,0,0,1,804
3524.0,5,0,1,0,0,1,805
3525.0,5,0,1,0,0,1,805
3526.0,5,0,1,0,0,1,805
3527.0,6,0,1,0,0,1,806
3528.0,6,0,1,0,0,1,806
3529.0,6,0,1,0,0,1,806
3530.0,6,0,1,0,0,1,806
3531.0,6,0,1,0,1,2,806
3532.0,7,0,1,0,1,2,807
3533.0,7,0,1,0,1,2,807
3534.0,7,0,1,0,1,2,807
3535.0,0,0,0,0,1,1,808
3536.0,0,0,0,0,1,1,808
3537.0,0,0,0,0,1,1,808
3538.0,0,0,0,0,1,1,808
3539.0,0,0,0,1,1,2,808
3540.0,1,0,0,0,1,1,809
3541.0,1,0,0,0,1,1,809
3542.0,1,0,0,0,1,1,809
3543.0,2,0,0,0,1,1,810
3544.0,2,0,0,0,1,1,810
3545.0,2,0,0,1,1,2,810
3546.0,2,0,0,2,1,3,810
3547.0,2,0,0,1,1,2,810
3548.0,3,0,0,1,1,2,811
3549.0,3,0,0,1,1,2,811
3550.0,3,0,0,2,1,3,811
3551.0,4,0,0,1,0,1,812
3552.0,4,0,0,0,0,0,812
3553.0,4,0,0,0,0,0,812
3554.0,4,0,0,0,0,0,812
3555.0,4,0,0,0,0,0,812
3556.0,4,0,0,0,1,1,812
3557.0,5,0,0,0,0,0,813
3558.0,5,0,0,0,0,0,813
3559.0,5,0,0,0,0,0,813
3560.0,6,0,0,0,0,0,814
3561.0,6,0,0,1,0,1,814
3562.0,6,0,0,1,0,1,814
3563.0,6,0,0,1,0,1,814
3564.0,6,0,0,1,0,1,814
3565.0,7,0,0,1,0,1,815
3566.0,7,0,0,1,0,1,815
3567.0,7,0,0,1,0,1,815
3568.0,0,0,0,1,1,2,816
3569.0,0,0,0,1,1,2,816
3570.0,0,0,0,1,1,2,816
3571.0,0,0,1,1,1,3,816
3572.0,0,0,0,1,1,2,816
3573.0,1,0,0,1,1,2,817
3574.0,1,0,0,1,1,2,817
3575.0,1,0,0,1,1,2,817
3576.0,2,1,0,1,1,3,818
3577.0,2,0,0,1,1,2,818
3578.0,2,0,0,1,1,2,818
3579.0,2,0,0,1,1,2,818
3580.0,2,0,0,1,1,2,818
3581.0,3,0,0,1,1,2,819
3582.0,3,0,0,1,1,2,819
3583.0,3,0,0,2,1,3,819
3584.0,4,0,0,0,0,0,820
3585.0,4,0,0,0,0,0,820
3586.0,4,0,0,0,0,0,820
3587.0,4,0,0,0,0,0,820
3588.0,4,0,0,0,0,0,820
3589.0,5,0,0,0,0,0,821
3590.0,5,0,0,0,0,0,821
3591.0,5,0,0,0,0,0,821
3592.0,6,0,1,0,0,1,822
3593.0,6,0,1,0,0,1,822
3594.0,6,0,1,1,0,2,822
3595.0,6,0,1,1,0,2,822
3596.0,6,0,1,1,1,3,822
3597.0,7,1,1,1,0,3,823
3598.0,7,1,1,1,0,3,823
3599.0,7,1,1,1,0,3,823
3600.0,0,0,0,1,0,1,824
3601.0,0,0,0,1,0,1,824
3602.0,0,0,0,1,0,1,824
3603.0,0,0,0,1,0,1,824
3604.0,0,0,0,1,0,1,824
3605.0,0,0,0,1,0,1,824
3606.0,0,0,0,1,0,1,824
3607.0,0,0,0,2,0,2,824
3608.0,1,0,0,2,0,2,825
3609.0,1,0,0,2,0,2,825
3610.0,1,0,0,2,0,2,825
3611.0,2,0,0,2,0,2,826
3612.0,2,0,0,2,0,2,826
3613.0,2,0,0,2,0,2,826
3614.0,2,0,0,2,0,2,826
3615.0,2,0,0,2,0,2,826
3616.0,3,0,0,2,0,2,827
3617.0,3,0,0,2,0,2,827
3618.0,3,0,0,3,0,3,827
3619.0,4,0,0,1,0,1,828
3620.0,4,0,0,0,0,0,828
3621.0,4,0,0,0,0,0,828
3622.0,4,0,0,0,0,0,828
3623.0,4,0,0,0,0,0,828
3624.0,5,0,0,0,0,0,829
3625.0,5,0,0,0,0,0,829
3626.0,5,0,0,0,0,0,829
3627.0,6,0,0,0,0,0,830
3628.0,6,0,0,0,0,0,830
3629.0,6,0,0,0,0,0,830
3630.0,6,0,0,0,0,0,830
3631.0,6,0,0,0,0,0,830
3632.0,7,0,0,0,0,0,831
3633.0,7,0,0,0,0,0,831
3634.0,7,0,0,0,0,0,831
3635.0,0,0,0,0,0,0,832
3636.0,0,0,0,0,0,0,832
3637.0,0,0,0,0,0,0,832
3638.0,0,0,0,0,0,0,832
3639.0,0,0,0,0,0,0,832
3640.0,1,0,0,0,0,0,833
3641.0,1,0,0,1,0,1,833
3642.0,1,0,0,1,0,1,833
3643.0,2,0,0,1,0,1,834
3644.0,2,0,0,1,0,1,834
3645.0,2,0,0,1,0,1,834
3646.0,2,0,0,1,0,1,834
3647.0,2,0,0,1,0,1,834
3648.0,3,0,0,1,0,1,835
3649.0,3,0,0,1,0,1,835
3650.0,3,0,0,1,0,1,835
3651.0,4,0,0,0,0,0,836
3652.0,4,0,0,0,0,0,836
3653.0,4,0,0,0,0,0,836
3654.0,4,0,0,0,0,0,836
3655.0,4,0,0,0,0,0,836
3656.0,5,0,0,0,0,0,837
3657.0,5,0,0,0,0,0,837
3658.0,5,0,0,0,0,0,837
3659.0,6,0,0,0,0,0,838
3660.0,6,0,0,0,0,0,838
3661.0,6,0,0,0,0,0,838
3662.0,6,0,0,0,0,0,838
3663.0,6,0,0,0,0,0,838
3664.0,7,0,0,0,0,0,839
3665.0,7,0,0,0,0,0,839
3666.0,7,0,0,0,0,0,839
3667.0,0,0,0,0,0,0,840
3668.0,0,0,0,0,0,0,840
3669.0,0,0,0,0,0,0,840
3670.0,0,0,0,0,0,0,840
3671.0,0,0,0,0,0,0,840
3672.0,1,0,0,0,0,0,841
3673.0,1,0,0,0,0,0,841
3674.0,1,0,0,0,0,0,841
