method,demand,seed,mean_delay,mean_waiting,p95_waiting,max_waiting,mean_queue,max_queue,mean_queue_N,mean_queue_S,mean_queue_E,mean_queue_W,max_queue_N,max_queue_S,max_queue_E,max_queue_W,throughput,switching_freq
dqn,low,101,14.338083333333326,4.873611111111111,21.0,58.0,1.0656275635767023,7.0,0.2551271534044299,0.4643150123051682,0.20754716981132076,0.13863822805578344,2.0,4.0,3.0,3.0,708.9715536105033,283.58862144420135
dqn,low,102,13.656124999999992,4.545833333333333,18.0,73.0,0.9975342465753425,6.0,0.23178082191780822,0.43616438356164383,0.20575342465753424,0.12383561643835617,3.0,5.0,4.0,3.0,710.3315976979994,261.4414908194026
dqn,low,103,14.594833333333343,5.051388888888889,22.0,65.0,1.0993449781659388,6.0,0.2540938864628821,0.5141921397379913,0.2052401746724891,0.12581877729257643,3.0,5.0,6.0,4.0,707.6167076167076,284.029484029484
dqn,low,104,13.137027777777803,4.147222222222222,16.0,75.0,0.9120819848975189,6.0,0.20711974110032363,0.3843042071197411,0.1890507011866235,0.13160733549083065,3.0,4.0,3.0,4.0,699.2176962503372,267.06231454005933
dqn,low,105,13.769041666666665,4.404166666666667,19.0,68.0,0.9699207000273449,6.0,0.22586819797648347,0.4003281378178835,0.19387476073284113,0.14984960350013674,3.0,4.0,3.0,2.0,708.9715536105033,263.8949671772429
dqn,medium,201,17.115201388888895,6.326388888888889,25.0,51.0,2.6666666666666665,12.0,0.47797716150081565,1.1780859162588364,0.5543773790103317,0.456226209896683,5.0,7.0,5.0,6.0,1409.8449823225455,310.3617079140604
dqn,medium,202,17.71971527777778,6.617361111111111,24.0,55.0,2.7720968180581997,14.0,0.43404949687245037,1.1895567038346477,0.7125373946151754,0.435953222735926,5.0,7.0,8.0,6.0,1410.2285092491838,322.19804134929274
dqn,medium,203,18.22445833333332,7.190277777777778,25.0,60.0,2.9799566630552548,13.0,0.4959371614301192,1.1654929577464788,0.816088840736728,0.5024377031419285,4.0,6.0,12.0,5.0,1404.4974261717691,322.8393389325386
dqn,medium,204,17.94329861111113,6.816666666666666,25.0,73.0,2.8601741022850926,12.0,0.4613710554951034,1.235310119695321,0.6039173014145811,0.559575625680087,4.0,7.0,8.0,6.0,1410.612244897959,320.3265306122449
dqn,medium,205,17.92729861111114,6.789583333333334,26.0,52.0,2.850530901170705,20.0,0.546419820310373,1.069970051728832,0.7636809147835557,0.47046011434794444,4.0,6.0,14.0,5.0,1411.764705882353,319.6078431372549
dqn,high,301,46.23280555555546,25.044097222222224,62.0,117.0,19.289353714132474,48.0,2.0083132207026013,5.266827567712523,7.608474121748458,4.405738803968893,11.0,19.0,25.0,17.0,2781.115879828326,283.90557939914163
dqn,high,302,48.06904513888896,26.643055555555556,68.04999999999973,151.0,19.8662486938349,51.0,2.18521421107628,5.450104493207942,8.582027168234065,3.6489028213166144,12.0,20.0,26.0,17.0,2709.171674941207,282.2053828063758
dqn,high,303,63.794656249999996,36.59722222222222,111.0,398.0,20.98955680081508,60.0,1.7455425369332653,8.330361691288843,6.9808965868568515,3.9327559857361183,9.0,24.0,26.0,20.0,2641.528662420382,270.5732484076433
dqn,high,304,49.79716319444446,27.62534722222222,72.0,170.0,19.676724137931036,53.0,2.145283975659229,5.281693711967546,8.598630831643002,3.6511156186612577,10.0,18.0,25.0,17.0,2629.46994674106,275.72914024854174
dqn,high,305,51.19940807799436,28.613857938718663,79.0,209.0,10.38665,55.0,0.4424,1.16945,8.08435,0.69045,10.0,21.0,26.0,17.0,2743.2210135314403,51.84259212960648
dqn,random,401,29.75940821256044,14.36111111111111,48.25,90.0,6.547937868237815,40.0,0.8473486877343331,1.6614890198178898,2.398768077129084,1.6403320835565078,7.0,13.0,21.0,17.0,1599.1416309012875,283.52531476024643
dqn,random,402,33.64637330183109,16.959834613112818,60.0,143.0,11.2327,42.0,1.0059,1.2435,8.74805,0.23525,9.0,19.0,26.0,14.0,1629.625668449198,56.52282614130706
dqn,random,403,33.40430348258709,16.855099502487562,56.0,172.0,13.599,44.0,0.1397,0.38355,12.79435,0.2814,8.0,18.0,25.0,15.0,1568.355459225142,53.10265513275664
dqn,random,404,30.97184038117927,15.095294818344252,49.0,115.0,6.9744211093161015,48.0,1.148626817447496,1.9881529348411415,2.23371028540657,1.6039310716208939,9.0,15.0,21.0,18.0,1630.97679438748,288.9307837328306
dqn,random,405,43.34878329297822,23.065375302663437,84.0,196.0,9.379927385892117,57.0,0.6517116182572614,3.6301867219917012,3.1654564315352696,1.9325726141078838,6.0,24.0,26.0,23.0,1544.3261490521943,287.6264591439689
